root	mode	first_line	verdict
testdir:235.go	interpreted	235.go:60:4: BASHPP-EEXPR-OPERAND: indexed value is not a scalar	missing=0;wording=0;extra=0;class=-
testdir:abi/convT64_criteria.go	interpreted	unknown field _ of main.MyStruct	missing=0;wording=0;extra=0;class=-
testdir:abi/idata.go	interpreted	abi/idata.go:55:52: BASHPP-EEXPR-UNDEFINED: undefined callable computed function	missing=0;wording=0;extra=0;class=-
testdir:abi/map.go	interpreted	abi/map.go:13:1: BASHPP-ECOLLECTION-KEY: unsupported map key type *T	missing=0;wording=0;extra=0;class=-
testdir:abi/part_live.go	interpreted	abi/part_live.go:34:34: BASHPP-EEXPR-FORM: unsupported scalar expression *syntax.BashPPAddressExpr	missing=0;wording=0;extra=0;class=-
testdir:abi/part_live_2.go	interpreted	abi/part_live_2.go:39:34: BASHPP-EEXPR-FORM: unsupported scalar expression *syntax.BashPPAddressExpr	missing=0;wording=0;extra=0;class=-
testdir:alias3.go	interpreted	BASHPP-EINTERFACE-SIGNATURE: __gosource_pkg_0_I1 method M1 has wrong signature	missing=0;wording=0;extra=0;class=-
testdir:append.go	interpreted	append.go:68:42: BASHPP-EEXPR-CONVERT: cannot convert String to []byte	missing=0;wording=0;extra=0;class=-
testdir:bigalg.go	interpreted	bigalg.go:61:34: BASHPP-EEXPR-OPERAND: a is not a scalar	missing=0;wording=0;extra=0;class=-
testdir:chan/doubleselect.go	interpreted	command exceeded time limit	missing=0;wording=0;extra=0;class=-
testdir:chan/doubleselect.go	compiled	chan/doubleselect.go:17:1: LOWER-ETYPE: cannot use flag.Int("n", 100000, "number of iterations") (value of type *int) as int value in variable declaration	missing=0;wording=0;extra=0;class=-
testdir:chan/select.go	interpreted	BASHPP-EARG-CHAN: Send requires chan uint for parameter b	missing=0;wording=0;extra=0;class=-
testdir:chan/select2.go	interpreted	BASHPP-ESELECTOR-ASSIGN: target is not a structured value	missing=0;wording=0;extra=0;class=-
testdir:chan/select5.go	interpreted	BASHPP-EPOINTER-TARGET: expression is not a pointer	missing=0;wording=0;extra=0;class=-
testdir:chan/sieve2.go	interpreted	BASHPP-EASSIGN-MISMATCH: scalar call interrupted	missing=0;wording=0;extra=0;class=-
testdir:chancap.go	interpreted	chancap.go:18:7: BASHPP-ECONST-EXPR: const initializer is not a constant expression	missing=0;wording=0;extra=0;class=-
testdir:chanlinear.go	interpreted	BASHPP-EBUILTIN-TYPE: BASHPP-ECOLLECTION-ELEMENT: scalar cannot be used as chan bool	missing=0;wording=0;extra=0;class=-
testdir:closedchan.go	interpreted	closedchan.go:322:39: BASHPP-EEXPR-OPERAND: c is not a scalar	missing=0;wording=0;extra=0;class=-
testdir:closure2.go	interpreted	BASHPP-ECOLLECTION-INDEX: closure2.go:108:9: BASHPP-EEXPR-FORM: unsupported scalar call	missing=0;wording=0;extra=0;class=-
testdir:cmp.go	interpreted	cmp.go:20:70: BASHPP-EEXPR-FORM: unsupported scalar expression *syntax.BashPPAddressExpr	missing=0;wording=0;extra=0;class=-
testdir:cmplxdivide.go	interpreted	cmplxdivide1.go:18:53: BASHPP-EEXPR-OPERAND: nan is not a scalar	missing=0;wording=0;extra=0;class=-
testdir:complit.go	interpreted	BASHPP-ECOLLECTION-LENGTH: invalid array length len(at)	missing=0;wording=0;extra=0;class=-
testdir:complit2.go	interpreted	complit2.go:35:5: BASHPP-ECOMPARE-NONCOMPARABLE: unsupported comparison	missing=0;wording=0;extra=0;class=-
testdir:const.go	interpreted	const.go:22:2: const.go:22:9: BASHPP-EEXPR-SHIFT: shift requires integer operands	missing=0;wording=0;extra=0;class=-
testdir:const4.go	interpreted	const4.go:42:2: BASHPP-EINIT-ORDER: initializer for c depends on c before it is initialized; dependency reordering across shell statements is unsupported	missing=0;wording=0;extra=0;class=-
testdir:const7.go	interpreted	BASHPP-ESELECTOR-ASSIGN: target is not a structured value	missing=0;wording=0;extra=0;class=-
testdir:const8.go	interpreted	const8.go:18:10: const8.go:18:10: BASHPP-EEXPR-UNDEFINED: undefined: iota	missing=0;wording=0;extra=0;class=-
testdir:const8.go	compiled	const8.go:18:10: LOWER-EUNDEFINED: undefined: iota	missing=0;wording=0;extra=0;class=-
testdir:convert4.go	interpreted	BASHPP-EPOINTER-TARGET: ss is not a pointer	missing=0;wording=0;extra=0;class=-
testdir:convert5.go	interpreted	convert5.go:65:12: convert5.go:65:23: BASHPP-EEXPR-DIVZERO: division by zero	missing=0;wording=0;extra=0;class=-
testdir:convinline.go	interpreted	convert1: cannot use "-3/2" as float64 value for parameter v	missing=0;wording=0;extra=0;class=-
testdir:copy.go	interpreted	copy.go:113:16: BASHPP-EEXPR-OPERAND: indexed value is not a scalar	missing=0;wording=0;extra=0;class=-
testdir:ddd.go	interpreted	sum: cannot use "[1,2,3]" as int value for parameter args	missing=0;wording=0;extra=0;class=-
testdir:divmod.go	interpreted	divmod.go:301:9: BASHPP-EEXPR-DIVZERO: division by zero	missing=0;wording=0;extra=0;class=-
testdir:escape.go	interpreted	escape.go:182:2: BASHPP-EASSIGN-TYPE: cannot assign int to *int	missing=0;wording=0;extra=0;class=-
testdir:escape_runtime_atomic.go	interpreted	Bash++ backend unsupported: optimizer diagnostics are a compiler artifact; the check interface has no inlining, escape-analysis or SSA meaning	missing=0;wording=0;extra=0;class=-
testdir:escape_runtime_atomic.go	compiled	test/escape_runtime_atomic.go:12:2: could not import internal/runtime/atomic (use of internal package internal/runtime/atomic not allowed)	missing=0;wording=0;extra=0;class=-
testdir:finprofiled.go	interpreted	BASHPP-ESELECTOR-ASSIGN: target is not a structured value	missing=0;wording=0;extra=0;class=-
testdir:fixedbugs/bug113.go	interpreted	fixedbugs/bug113.go:31:11: fixedbugs/bug113.go:31:11: BASHPP-EASSERT-FAIL: interface value has dynamic type int, not int32	missing=0;wording=0;extra=0;class=-
testdir:fixedbugs/bug115.go	compiled	test/fixedbugs/bug115.go:13:2: LOWER-ETYPE: cannot use i (variable of type *big.Int) as uint value in argument to isuint	missing=0;wording=0;extra=0;class=-
testdir:fixedbugs/bug184.go	interpreted	fixedbugs/bug184.go:41:11: BASHPP-EASSERT-OPERAND: type assertion operand is not an interface	missing=0;wording=0;extra=0;class=-
testdir:fixedbugs/bug191.go	interpreted	test/fixedbugs/bug191.dir/main.go:11:1: _ redeclared in this block	missing=0;wording=0;extra=0;class=-
testdir:fixedbugs/bug196.go	interpreted	fixedbugs/bug196.go:42:2: BASHPP-EUPDATE-TARGET: BASHPP-ENONADDRESSABLE: operand is not addressable	missing=0;wording=0;extra=0;class=-
testdir:fixedbugs/bug203.go	interpreted	fixedbugs/bug203.go:13:8: BASHPP-EASSIGN-TYPE: cannot assign [...]string to [8]string	missing=0;wording=0;extra=0;class=-
testdir:fixedbugs/bug206.go	interpreted	BASHPP-ECOLLECTION-ELEMENT: fixedbugs/bug206.go:25:21: BASHPP-EEXPR-FORM: unsupported scalar expression *syntax.BashPPAddressExpr	missing=0;wording=0;extra=0;class=-
testdir:fixedbugs/bug246.go	interpreted	fixedbugs/bug246.go:14:15: BASHPP-EEXPR-CONVERT: cannot convert Int to unsafe.Pointer	missing=0;wording=0;extra=0;class=-
testdir:fixedbugs/bug247.go	interpreted	BASHPP-EINTERFACE-VALUE: Count has no dynamic type	missing=0;wording=0;extra=0;class=-
testdir:fixedbugs/bug248.go	interpreted	test/fixedbugs/bug248.dir/bug2.go:41:13: cannot use t1(0) (constant 0 of float64 type t1) as I0 value in variable declaration: t1 does not implement I0 (wrong type for method M)	missing=0;wording=0;extra=0;class=-
testdir:fixedbugs/bug248.go	compiled	test/fixedbugs/bug248.dir/bug2.go:41:13: cannot use t1(0) (constant 0 of float64 type t1) as I0 value in variable declaration: t1 does not implement I0 (wrong type for method M)	missing=0;wording=0;extra=0;class=-
testdir:fixedbugs/bug254.go	interpreted	fixedbugs/bug254.go:10:1: BASHPP-ECOLLECTION-LENGTH: invalid array length 1e1	missing=0;wording=0;extra=0;class=-
testdir:fixedbugs/bug262.go	interpreted	BASHPP-EINTERFACE-MISSING: *errors.errorString does not implement interface (missing method Error)	missing=0;wording=0;extra=0;class=-
testdir:fixedbugs/bug269.go	interpreted	fixedbugs/bug269.go:15:6: BASHPP-EINTERFACE-VALUE: undefined value f	missing=0;wording=0;extra=0;class=-
testdir:fixedbugs/bug273.go	interpreted	channel binding requires a registered channel type and one value	missing=0;wording=0;extra=0;class=-
testdir:fixedbugs/bug273.go	compiled	fixedbugs/bug273.go:11:1: LOWER-ETYPE: "unsafe" imported and not used	missing=0;wording=0;extra=0;class=-
testdir:fixedbugs/bug279.go	interpreted	unknown imported symbol or method: unsafe.Sizeof	missing=0;wording=0;extra=0;class=-
testdir:fixedbugs/bug292.go	interpreted	fixedbugs/bug292.go:19:5: unknown imported symbol or method: unsafe.Offsetof	missing=0;wording=0;extra=0;class=-
testdir:fixedbugs/bug294.go	interpreted	fixedbugs/bug294.go:29:11: BASHPP-EEXPR-UNDEFINED: undefined: a	missing=0;wording=0;extra=0;class=-
testdir:fixedbugs/bug321.go	interpreted	check: cannot use "5562684646268003/250000000000000000000000000000000000000000000000000000000000000000000000000000000000000000000000000000000000000000000000000000000000000000000000000000000000000000000000000000000000000000000000000000000000000000000000000000000000000000000000000000000000000000000000000000000000000000000000000000000000000000000000000000000000" as float64 value for parameter got	missing=0;wording=0;extra=0;class=-
testdir:fixedbugs/bug324.go	interpreted	test/fixedbugs/bug324.dir/prog.go:46:6: BASHPP-EASSERT-FAIL: interface value has dynamic type *__gosource_pkg_0_Implementation, not Exported	missing=0;wording=0;extra=0;class=-
testdir:fixedbugs/bug328.go	interpreted	fixedbugs/bug328.go:13:10: BASHPP-EEXPR-OPERAND: p is not a scalar	missing=0;wording=0;extra=0;class=-
testdir:fixedbugs/bug331.go	interpreted	fixedbugs/bug331.go:20:1: _ redeclared in this block	missing=0;wording=0;extra=0;class=-
testdir:fixedbugs/bug339.go	interpreted	unknown imported symbol or method: unsafe.Sizeof	missing=0;wording=0;extra=0;class=-
testdir:fixedbugs/bug341.go	interpreted	fixedbugs/bug341.go:15:6: fixedbugs/bug341.go:15:6: BASHPP-EEXPR-CONVERT: cannot convert String to uint64	missing=0;wording=0;extra=0;class=-
testdir:fixedbugs/bug372.go	interpreted	fixedbugs/bug372.go:25:5: BASHPP-EEXPR-UNDEFINED: undefined callable tt	missing=0;wording=0;extra=0;class=-
testdir:fixedbugs/bug385_64.go	interpreted	compilation succeeded unexpectedly	missing=0;wording=0;extra=0;class=-
testdir:fixedbugs/bug398.go	interpreted	compilation succeeded unexpectedly	missing=0;wording=0;extra=0;class=-
testdir:fixedbugs/bug401.go	interpreted	BASHPP-ERETURN-CALL: return requires a declared callable	missing=0;wording=0;extra=0;class=-
testdir:fixedbugs/bug424.go	interpreted	test/fixedbugs/bug424.dir/main.go:53:6: BASHPP-EINTERFACE-MISSING: *myT2 does not implement interface (missing method m)	missing=0;wording=0;extra=0;class=-
testdir:fixedbugs/bug424.go	compiled	test/fixedbugs/bug424.dir/main.go:53:2: LOWER-ETYPE: cannot use new(myT2) (value of type *myT2) as localI value in assignment: *myT2 does not implement localI (ambiguous selector *myT2.m)	missing=0;wording=0;extra=0;class=-
testdir:fixedbugs/bug442.go	interpreted	BASHPP-ESTRUCT-FIELD-DUPLICATE: field "_" declared more than once	missing=0;wording=0;extra=0;class=-
testdir:fixedbugs/bug444.go	interpreted	fixedbugs/bug444.go:26:16: BASHPP-EEXPR-NIL: nil is not a scalar	missing=0;wording=0;extra=0;class=-
testdir:fixedbugs/bug447.go	interpreted	testint8: cannot use "2793639143853261/70368744177664" as float64 value for parameter f	missing=0;wording=0;extra=0;class=-
testdir:fixedbugs/bug449.go	interpreted	/srv/sprint162/leaf-integ-2/tmp/Testfixedbugsbug449.go3781780386/001/tmp__.go:15:9: BASHPP-ECOMPARE-TYPE: mismatched comparison	missing=0;wording=0;extra=0;class=-
testdir:fixedbugs/bug465.go	interpreted	test/fixedbugs/bug465.dir/a.go:21:6: BASHPP-EEXPR-FORM: unsupported scalar expression *syntax.BashPPCompositeLit	missing=0;wording=0;extra=0;class=-
testdir:fixedbugs/bug470.go	interpreted	fixedbugs/bug470.go:23:5: BASHPP-EEXPR-CONVERT: cannot convert String to float64	missing=0;wording=0;extra=0;class=-
testdir:fixedbugs/bug473.go	interpreted	fixedbugs/bug473.go:15:8: BASHPP-EUPDATE-RHS: fixedbugs/bug473.go:15:8: BASHPP-EASSERT-OPERAND: type assertion operand is not an interface	missing=0;wording=0;extra=0;class=-
testdir:fixedbugs/bug474.go	interpreted	fixedbugs/bug474.go:25:12: BASHPP-ESELECTOR-UNKNOWN: T has no field or method "M"	missing=0;wording=0;extra=0;class=-
testdir:fixedbugs/bug479.go	interpreted	test/fixedbugs/bug479.dir/a.go:11:7: BASHPP-ECONST-EXPR: const initializer is not a constant expression	missing=0;wording=0;extra=0;class=-
testdir:fixedbugs/bug499.go	interpreted	BASHPP-EBUILTIN-TYPE: assignment target "_" is not declared	missing=0;wording=0;extra=0;class=-
testdir:fixedbugs/bug510.go	interpreted	BASHPP-EASSERT-OPERAND: type assertion operand must be an interface	missing=0;wording=0;extra=0;class=-
testdir:fixedbugs/bug513.go	interpreted	fixedbugs/bug513.go:20:7: fixedbugs/bug513.go:20:57: BASHPP-EEXPR-FORM: unsupported scalar expression *syntax.BashPPAddressExpr	missing=0;wording=0;extra=0;class=-
testdir:fixedbugs/bug517.go	interpreted	fixedbugs/bug517.go:25:1: BASHPP-ECOLLECTION-LENGTH: invalid array length unsafe.Sizeof(F())	missing=0;wording=0;extra=0;class=-
testdir:fixedbugs/dse_move_auxint.go	interpreted	fixedbugs/dse_move_auxint.go:23:17: BASHPP-EEXPR-OPERAND: dst is not a scalar	missing=0;wording=0;extra=0;class=-
testdir:fixedbugs/gcc61244.go	interpreted	test/fixedbugs/gcc61244.go:16:9: gosource: unsupported type switch initializer	missing=0;wording=0;extra=0;class=-
testdir:fixedbugs/gcc61244.go	compiled	test/fixedbugs/gcc61244.go:16:9: gosource: unsupported type switch initializer	missing=0;wording=0;extra=0;class=-
testdir:fixedbugs/gcc61253.go	interpreted	test/fixedbugs/gcc61253.go:17:7: gosource: unsupported compound simple statement	missing=0;wording=0;extra=0;class=-
testdir:fixedbugs/gcc61253.go	compiled	test/fixedbugs/gcc61253.go:17:7: gosource: unsupported compound simple statement	missing=0;wording=0;extra=0;class=-
testdir:fixedbugs/gcc61258.go	interpreted	BASHPP-EBUILTIN-TYPE: delete key: BASHPP-ECOLLECTION-ELEMENT: scalar cannot be used as [0]bool	missing=0;wording=0;extra=0;class=-
testdir:fixedbugs/issue10486.go	interpreted	fixedbugs/issue10486.go:25:9: BASHPP-EEXPR-DIVZERO: division by zero	missing=0;wording=0;extra=0;class=-
testdir:fixedbugs/issue11369.go	interpreted	fixedbugs/issue11369.go:14:2: _ redeclared in this block	missing=0;wording=0;extra=0;class=-
testdir:fixedbugs/issue11656.go	interpreted	BASHPP-ECOLLECTION-ELEMENT: /srv/sprint162/leaf-integ-2/tmp/Testfixedbugsissue11656.go4066259784/001/src/issue11656.dir/issue11656.go:70:31: BASHPP-EEXPR-FORM: unsupported scalar expression *syntax.BashPPAddressExpr	missing=0;wording=0;extra=0;class=-
testdir:fixedbugs/issue11771.go	interpreted	BASHPP-ESELECTOR-ASSIGN: target is not a structured value	missing=0;wording=0;extra=0;class=-
testdir:fixedbugs/issue11945.go	interpreted	fixedbugs/issue11945.go:13:2: BASHPP-ECONST-EXPR: const initializer is not a constant expression	missing=0;wording=0;extra=0;class=-
testdir:fixedbugs/issue1304.go	interpreted	fixedbugs/issue1304.go:21:6: fixedbugs/issue1304.go:21:6: BASHPP-EEXPR-DIVZERO: division by zero	missing=0;wording=0;extra=0;class=-
testdir:fixedbugs/issue13169.go	interpreted	fixedbugs/issue13169.go:40:9: BASHPP-ESELECTOR-EXPR: unsupported structured expression	missing=0;wording=0;extra=0;class=-
testdir:fixedbugs/issue14651.go	interpreted	f32: cannot use "1/1427247692705959881058285969449495136382746624" as float64 value for parameter x	missing=0;wording=0;extra=0;class=-
testdir:fixedbugs/issue14999.go	interpreted	compilation succeeded unexpectedly	missing=0;wording=0;extra=0;class=-
testdir:fixedbugs/issue15277.go	interpreted	fixedbugs/issue15277.go:19:20: gosource: unsupported interpreter collection value expand.invalidObject	missing=0;wording=0;extra=0;class=-
testdir:fixedbugs/issue15281.go	interpreted	fixedbugs/issue15281.go:32:12: BASHPP-EEXPR-OPERAND: x is not a scalar	missing=0;wording=0;extra=0;class=-
testdir:fixedbugs/issue15329.go	interpreted	fixedbugs/issue15329.go:44:2: fixedbugs/issue15329.go:44:23: BASHPP-EEXPR-UNDEFINED: undefined callable computed function	missing=0;wording=0;extra=0;class=-
testdir:fixedbugs/issue15528.go	interpreted	BASHPP-EINTERFACE-EMBED: interface Strunger embeds non-interface fmt.Stringer	missing=0;wording=0;extra=0;class=-
testdir:fixedbugs/issue15550.go	interpreted	fixedbugs/issue15550.go:12:2: BASHPP-ECONST-EXPR: const initializer is not a constant expression	missing=0;wording=0;extra=0;class=-
testdir:fixedbugs/issue15992.go	interpreted	Go value requires one result	missing=0;wording=0;extra=0;class=-
testdir:fixedbugs/issue16130.go	interpreted	fixedbugs/issue16130.go:41:14: BASHPP-EASSERT-FAIL: interface value has dynamic type int, not I	missing=0;wording=0;extra=0;class=-
testdir:fixedbugs/issue16369.go	interpreted	compilation succeeded unexpectedly	missing=0;wording=0;extra=0;class=-
testdir:fixedbugs/issue17381.go	interpreted	fixedbugs/issue17381.go:38:61: BASHPP-EEXPR-FORM: unsupported scalar expression *syntax.BashPPAddressExpr	missing=0;wording=0;extra=0;class=-
testdir:fixedbugs/issue17752.go	interpreted	BASHPP-ECOLLECTION-KEY: unsupported map key type [8]string	missing=0;wording=0;extra=0;class=-
testdir:fixedbugs/issue18459.go	interpreted	compilation succeeded unexpectedly	missing=0;wording=0;extra=0;class=-
testdir:fixedbugs/issue18459.go	compiled	/srv/sprint162/leaf-integ-2/tmp/Testfixedbugsissue18459.go449618305/002/main.go:6: //go:nowritebarrier only allowed in runtime	missing=1;wording=0;extra=0;class=missing
testdir:fixedbugs/issue18595.go	interpreted	fixedbugs/issue18595.go:47:8: fixedbugs/issue18595.go:49:5: BASHPP-EEXPR-CONVERT: cannot convert String to (J)	missing=0;wording=0;extra=0;class=-
testdir:fixedbugs/issue18882.go	interpreted	compilation succeeded unexpectedly	missing=0;wording=0;extra=0;class=-
testdir:fixedbugs/issue18882.go	compiled	/srv/sprint162/leaf-integ-2/tmp/Testfixedbugsissue18882.go1167454788/002/main.go:6: //go:cgo_ldflag // ERROR "usage: //go:cgo_ldflag" only allowed in cgo-generated code	missing=1;wording=0;extra=0;class=missing
testdir:fixedbugs/issue18911.go	interpreted	test/fixedbugs/issue18911.dir/b.go:20:8: BASHPP-EASSERT-FAIL: interface value has dynamic type struct, not struct	missing=0;wording=0;extra=0;class=-
testdir:fixedbugs/issue18911.go	compiled	panic: runtime error: panic called with nil argument	missing=0;wording=0;extra=0;class=-
testdir:fixedbugs/issue19028.go	interpreted	unknown field _ of main.T	missing=0;wording=0;extra=0;class=-
testdir:fixedbugs/issue19040.go	interpreted	BASHPP-EASSERT-FAIL: interface value has dynamic type string, not error	missing=0;wording=0;extra=0;class=-
testdir:fixedbugs/issue19078.go	interpreted	fixedbugs/issue19078.go:20:15: BASHPP-EEXPR-CONVERT: cannot convert String to unsafe.Pointer	missing=0;wording=0;extra=0;class=-
testdir:fixedbugs/issue19359.go	interpreted	BASHPP-EBUILTIN-TYPE: delete key: BASHPP-ECOLLECTION-ELEMENT: scalar cannot be used as interface	missing=0;wording=0;extra=0;class=-
testdir:fixedbugs/issue19467.go	interpreted	BASHPP-EBUILTIN-TYPE: BASHPP-ECOLLECTION-ELEMENT: cannot use *interp.bashPPBridgeValue value as runtime.Frame	missing=0;wording=0;extra=0;class=-
testdir:fixedbugs/issue19467.go	compiled	2026/09/13 07:23:58 frame 0: got main.(*__gosource_pkg_0_WaitGroup).Add, want test/mysync.(*WaitGroup).Add	missing=0;wording=0;extra=0;class=-
testdir:fixedbugs/issue19658.go	interpreted	BASHPP-ESELECTOR-ASSIGN: target is not a structured value	missing=0;wording=0;extra=0;class=-
testdir:fixedbugs/issue19710.go	interpreted	BASHPP-EBUILTIN-TYPE: delete first argument must be a map	missing=0;wording=0;extra=0;class=-
testdir:fixedbugs/issue19911.go	interpreted	fixedbugs/issue19911.go:31:5: BASHPP-EEXPR-OPERAND: got is not a scalar	missing=0;wording=0;extra=0;class=-
testdir:fixedbugs/issue20027.go	interpreted	compilation succeeded unexpectedly	missing=0;wording=0;extra=0;class=-
testdir:fixedbugs/issue20298.go	interpreted	test/fixedbugs/issue20298.go:14:2: "bufio" imported and not used	missing=1;wording=0;extra=8;class=position
testdir:fixedbugs/issue20298.go	compiled	test/fixedbugs/issue20298.go:14:2: "bufio" imported and not used	missing=1;wording=0;extra=8;class=position
testdir:fixedbugs/issue20529.go	interpreted	compilation succeeded unexpectedly	missing=0;wording=0;extra=0;class=-
testdir:fixedbugs/issue20530.go	interpreted	fixedbugs/issue20530.go:13:12: BASHPP-EEXPR-FORM: unsupported scalar call	missing=0;wording=0;extra=0;class=-
testdir:fixedbugs/issue20780.go	interpreted	compilation succeeded unexpectedly	missing=0;wording=0;extra=0;class=-
testdir:fixedbugs/issue21048.go	interpreted	BASHPP-ESTRUCT-FIELD-DUPLICATE: field "_" declared more than once	missing=0;wording=0;extra=0;class=-
testdir:fixedbugs/issue21221.go	interpreted	fixedbugs/issue21221.go:12:5: BASHPP-EEXPR-CONVERT: cannot convert Int to unsafe.Pointer	missing=0;wording=0;extra=0;class=-
testdir:fixedbugs/issue21687.go	interpreted	fixedbugs/issue21687.go:17:8: BASHPP-EUPDATE-RHS: fixedbugs/issue21687.go:17:8: BASHPP-EEXPR-FORM: unsupported scalar call	missing=0;wording=0;extra=0;class=-
testdir:fixedbugs/issue21879.go	interpreted	fixedbugs/issue21879.go:14:10: BASHPP-ESELECTOR-TYPE: ?.frame has no fields	missing=0;wording=0;extra=0;class=-
testdir:fixedbugs/issue22200.go	interpreted	compilation succeeded unexpectedly	missing=0;wording=0;extra=0;class=-
testdir:fixedbugs/issue22200b.go	interpreted	compilation succeeded unexpectedly	missing=0;wording=0;extra=0;class=-
testdir:fixedbugs/issue22326.go	interpreted	abc_dfixedbugs/issue22326.go:9:1: _ redeclared in this block	missing=0;wording=0;extra=0;class=-
testdir:fixedbugs/issue22605.go	interpreted	BASHPP-ECOLLECTION-KEY: unsupported map key type [8]string	missing=0;wording=0;extra=0;class=-
testdir:fixedbugs/issue23017.go	interpreted	BASHPP-ECOLLECTION-BOUNDS: index 1 out of bounds for length 0	missing=0;wording=0;extra=0;class=-
testdir:fixedbugs/issue23489.go	interpreted	type P has no method Foo	missing=0;wording=0;extra=0;class=-
testdir:fixedbugs/issue23545.go	interpreted	fixedbugs/issue23545.go:13:17: BASHPP-ECOMPARE-NONCOMPARABLE: unsupported comparison	missing=0;wording=0;extra=0;class=-
testdir:fixedbugs/issue23546.go	interpreted	fixedbugs/issue23546.go:13:2: fixedbugs/issue23546.go:13:6: BASHPP-ECOMPARE-NONCOMPARABLE: unsupported comparison	missing=0;wording=0;extra=0;class=-
testdir:fixedbugs/issue23586.go	interpreted	test/fixedbugs/issue23586.go:15:2: "fmt" imported and not used	missing=0;wording=0;extra=3;class=extra
testdir:fixedbugs/issue23586.go	compiled	test/fixedbugs/issue23586.go:15:2: "fmt" imported and not used	missing=0;wording=0;extra=3;class=extra
testdir:fixedbugs/issue23734.go	interpreted	BASHPP-ECOLLECTION-KEY: unsupported map key type interface	missing=0;wording=0;extra=0;class=-
testdir:fixedbugs/issue23814.go	interpreted	fixedbugs/issue23814.go:23:6: fixedbugs/issue23814.go:23:20: BASHPP-EEXPR-NIL: nil is not a scalar	missing=0;wording=0;extra=0;class=-
testdir:fixedbugs/issue23837.go	interpreted	BASHPP-EARG-FUNCTYPE: h requires func()(struct) for parameter p	missing=0;wording=0;extra=0;class=-
testdir:fixedbugs/issue24488.go	interpreted	fixedbugs/issue24488.go:35:14: BASHPP-EEXPR-FORM: unsupported scalar expression *syntax.BashPPFuncLit	missing=0;wording=0;extra=0;class=-
testdir:fixedbugs/issue24547.go	interpreted	unknown imported symbol or method: String	missing=0;wording=0;extra=0;class=-
testdir:fixedbugs/issue24693.go	interpreted	test/fixedbugs/issue24693.dir/b.go:9:1: cyclic type declaration: __gosource_pkg_1_T	missing=0;wording=0;extra=0;class=-
testdir:fixedbugs/issue24693.go	compiled	test/fixedbugs/issue24693.dir/b.go:9:1: LOWER-ETYPE: invalid recursive type: __gosource_pkg_1_T refers to itself	missing=0;wording=0;extra=0;class=-
testdir:fixedbugs/issue24937.go	interpreted	fixedbugs/issue24937.go:12:7: BASHPP-EEXPR-FORM: unsupported scalar call	missing=0;wording=0;extra=0;class=-
testdir:fixedbugs/issue25507.go	interpreted	compilation succeeded unexpectedly	missing=0;wording=0;extra=0;class=-
testdir:fixedbugs/issue2615.go	interpreted	BASHPP-ECOLLECTION-ELEMENT: cannot use string value as uint64	missing=0;wording=0;extra=0;class=-
testdir:fixedbugs/issue27201.go	interpreted	fixedbugs/issue27201.go:27:6: BASHPP-EASSIGN-CALL: tuple assignment requires a declared result-bearing function	missing=0;wording=0;extra=0;class=-
testdir:fixedbugs/issue27695b.go	interpreted	fixedbugs/issue27695b.go:28:11: fixedbugs/issue27695b.go:28:34: BASHPP-EEXPR-FORM: unsupported scalar expression *syntax.BashPPAddressExpr	missing=0;wording=0;extra=0;class=-
testdir:fixedbugs/issue27695c.go	interpreted	fixedbugs/issue27695c.go:29:11: fixedbugs/issue27695c.go:29:34: BASHPP-EEXPR-FORM: unsupported scalar expression *syntax.BashPPAddressExpr	missing=0;wording=0;extra=0;class=-
testdir:fixedbugs/issue27718.go	interpreted	fixedbugs/issue27718.go:18:9: BASHPP-EEXPR-DIVZERO: division by zero	missing=0;wording=0;extra=0;class=-
testdir:fixedbugs/issue27961.go	interpreted	BASHPP-ECOLLECTION-ELEMENT: fixedbugs/issue27961.go:26:14: BASHPP-EEXPR-DIVZERO: division by zero	missing=0;wording=0;extra=0;class=-
testdir:fixedbugs/issue28797.go	interpreted	fixedbugs/issue28797.go:41:14: BASHPP-ECOLLECTION-SLICE: slice bounds out of range [1:-1] with length 1	missing=0;wording=0;extra=0;class=-
testdir:fixedbugs/issue29013a.go	interpreted	BASHPP-ECOLLECTION-ELEMENT: fixedbugs/issue29013a.go:14:2: BASHPP-EEXPR-OPERAND: Dicts is not a scalar	missing=0;wording=0;extra=0;class=-
testdir:fixedbugs/issue29013b.go	interpreted	BASHPP-ECOLLECTION-KEY: unsupported map key type Int	missing=0;wording=0;extra=0;class=-
testdir:fixedbugs/issue29264.go	interpreted	fixedbugs/issue29264.go:17:20: gosource: unsupported interpreter collection value expand.invalidObject	missing=0;wording=0;extra=0;class=-
testdir:fixedbugs/issue29304.go	interpreted	fixedbugs/issue29304.go:16:5: BASHPP-EEXPR-UNDEFINED: undefined callable error	missing=0;wording=0;extra=0;class=-
testdir:fixedbugs/issue29312.go	interpreted	fixedbugs/issue29312.go:65:13: gosource: unsupported interpreter collection value expand.invalidObject	missing=0;wording=0;extra=0;class=-
testdir:fixedbugs/issue29329.go	interpreted	DouglasPeucker: cannot use "3602879701896397/36028797018963968" as float64 value for parameter threshold	missing=0;wording=0;extra=0;class=-
testdir:fixedbugs/issue29362.go	interpreted	fixedbugs/issue29362.go:25:11: fixedbugs/issue29362.go:25:34: BASHPP-EEXPR-FORM: unsupported scalar expression *syntax.BashPPAddressExpr	missing=0;wording=0;extra=0;class=-
testdir:fixedbugs/issue29362b.go	interpreted	fixedbugs/issue29362b.go:25:11: fixedbugs/issue29362b.go:25:34: BASHPP-EEXPR-FORM: unsupported scalar expression *syntax.BashPPAddressExpr	missing=0;wording=0;extra=0;class=-
testdir:fixedbugs/issue29612.go	interpreted	BASHPP-EASSERT-FAIL: interface value has dynamic type *__gosource_pkg_1_T, not interface	missing=0;wording=0;extra=0;class=-
testdir:fixedbugs/issue30041.go	interpreted	fixedbugs/issue30041.go:27:11: fixedbugs/issue30041.go:27:34: BASHPP-EEXPR-FORM: unsupported scalar expression *syntax.BashPPAddressExpr	missing=0;wording=0;extra=0;class=-
testdir:fixedbugs/issue30116u.go	interpreted	BASHPP-ECOLLECTION-ELEMENT: cannot use string value as uint64	missing=0;wording=0;extra=0;class=-
testdir:fixedbugs/issue30709.go	interpreted	fixedbugs/issue30709.go:15:2: BASHPP-ECONST-EXPR: const initializer is not a constant expression	missing=0;wording=0;extra=0;class=-
testdir:fixedbugs/issue30908.go	interpreted	test/fixedbugs/issue30908.dir/m.go:18:5: BASHPP-EEXPR-OPERAND: indexed value is not a scalar	missing=0;wording=0;extra=0;class=-
testdir:fixedbugs/issue31419.go	interpreted	BASHPP-EASSERT-FAIL: interface value has dynamic type *T, not I	missing=0;wording=0;extra=0;class=-
testdir:fixedbugs/issue31546.go	interpreted	unknown field _ of struct { a int; _ int; c int }	missing=0;wording=0;extra=0;class=-
testdir:fixedbugs/issue32187.go	interpreted	fixedbugs/issue32187.go:32:9: fixedbugs/issue32187.go:32:9: BASHPP-EASSERT-FAIL: interface value has dynamic type <inferred>, not *int	missing=0;wording=0;extra=0;class=-
testdir:fixedbugs/issue33724.go	interpreted	fixedbugs/issue33724.go:27:10: BASHPP-EEXPR-UNDEFINED: undefined callable o	missing=0;wording=0;extra=0;class=-
testdir:fixedbugs/issue34395.go	interpreted	BASHPP-ECOLLECTION-ELEMENT: cannot use [100 * 1024 * 1024]byte as [104857600]byte element	missing=0;wording=0;extra=0;class=-
testdir:fixedbugs/issue35027.go	interpreted	fixedbugs/issue35027.go:18:45: BASHPP-EEXPR-FORM: unsupported scalar expression *syntax.BashPPAddressExpr	missing=0;wording=0;extra=0;class=-
testdir:fixedbugs/issue35073a.go	interpreted	fixedbugs/issue35073a.go:21:6: fixedbugs/issue35073a.go:21:6: BASHPP-EEXPR-CONVERT: cannot convert Int to unsafe.Pointer	missing=0;wording=0;extra=0;class=-
testdir:fixedbugs/issue35576.go	interpreted	fixedbugs/issue35576.go:14:8: BASHPP-EEXPR-CALL: scalar call requires one result	missing=0;wording=0;extra=0;class=-
testdir:fixedbugs/issue37716.go	interpreted	fixedbugs/issue37716.go:26:2: BASHPP-ECOLLECTION-KEY: unsupported map key type K	missing=0;wording=0;extra=0;class=-
testdir:fixedbugs/issue37975.go	interpreted	BASHPP-EBUILTIN-TYPE: assignment target "_" is not declared	missing=0;wording=0;extra=0;class=-
testdir:fixedbugs/issue4066.go	interpreted	fixedbugs/issue4066.go:25:8: BASHPP-EASSERT-FAIL: interface value has dynamic type string, not terr	missing=0;wording=0;extra=0;class=-
testdir:fixedbugs/issue4085b.go	interpreted	BASHPP-EBUILTIN-TYPE: assignment target "_" is not declared	missing=0;wording=0;extra=0;class=-
testdir:fixedbugs/issue40917.go	interpreted	fixedbugs/issue40917.go:13:22: BASHPP-EEXPR-FORM: unsupported scalar expression *syntax.BashPPAddressExpr	missing=0;wording=0;extra=0;class=-
testdir:fixedbugs/issue42058a.go	interpreted	compilation succeeded unexpectedly	missing=0;wording=0;extra=0;class=-
testdir:fixedbugs/issue42058b.go	interpreted	compilation succeeded unexpectedly	missing=0;wording=0;extra=0;class=-
testdir:fixedbugs/issue4316.go	interpreted	fixedbugs/issue4316.go:19:7: BASHPP-EEXPR-CONVERT: cannot convert String to Peano	missing=0;wording=0;extra=0;class=-
testdir:fixedbugs/issue43444.go	interpreted	e a bfixedbugs/issue43444.go:26:13: fixedbugs/issue43444.go:26:13: BASHPP-EEXPR-FORM: unsupported scalar call	missing=0;wording=0;extra=0;class=-
testdir:fixedbugs/issue43619.go	interpreted	fixedbugs/issue43619.go:71:20: BASHPP-ECOLLECTION-ELEMENT: cannot use *interp.bashPPBridgeValue value as float64	missing=0;wording=0;extra=0;class=-
testdir:fixedbugs/issue43633.go	interpreted	test/fixedbugs/issue43633.dir/main.go:15:6: BASHPP-EEXPR-UNDEFINED: undefined callable g	missing=0;wording=0;extra=0;class=-
testdir:fixedbugs/issue4370.go	compiled	test/fixedbugs/issue4370.dir/p2.go:9:1: LOWER-ETYPE: invalid recursive type: __gosource_pkg_1_T refers to itself	missing=0;wording=0;extra=0;class=-
testdir:fixedbugs/issue44830.go	interpreted	fixedbugs/issue44830.go:15:37: BASHPP-EEXPR-NIL: nil is not a scalar	missing=0;wording=0;extra=0;class=-
testdir:fixedbugs/issue4585.go	interpreted	fixedbugs/issue4585.go:52:34: BASHPP-EEXPR-FORM: unsupported scalar expression *syntax.BashPPAddressExpr	missing=0;wording=0;extra=0;class=-
testdir:fixedbugs/issue4590.go	interpreted	BASHPP-EINTERFACE-IMPOSSIBLE: struct cannot implement interface	missing=0;wording=0;extra=0;class=-
testdir:fixedbugs/issue46304.go	interpreted	BASHPP-ECOLLECTION-ELEMENT: fixedbugs/issue46304.go:71:33: BASHPP-EEXPR-OPERAND: p1 is not a scalar	missing=0;wording=0;extra=0;class=-
testdir:fixedbugs/issue46725.go	interpreted	BASHPP-ESTRUCT-TYPE: <inferred> is not a supported struct type	missing=0;wording=0;extra=0;class=-
testdir:fixedbugs/issue46938.go	interpreted	fixedbugs/issue46938.go:25:22: BASHPP-EEXPR-FORM: unsupported scalar expression *syntax.BashPPAddressExpr	missing=0;wording=0;extra=0;class=-
testdir:fixedbugs/issue48097.go	interpreted	compilation succeeded unexpectedly	missing=0;wording=0;extra=0;class=-
testdir:fixedbugs/issue48536.go	interpreted	fixedbugs/issue48536.go:15:23: BASHPP-EEXPR-FORM: unsupported scalar expression *syntax.BashPPAddressExpr	missing=0;wording=0;extra=0;class=-
testdir:fixedbugs/issue49512.go	interpreted	BASHPP-EBUILTIN-TYPE: BASHPP-ECOLLECTION-ELEMENT: scalar cannot be used as func(int)(int,int)	missing=0;wording=0;extra=0;class=-
testdir:fixedbugs/issue49767.go	interpreted	compilation succeeded unexpectedly	missing=0;wording=0;extra=0;class=-
testdir:fixedbugs/issue49814.go	interpreted	compilation succeeded unexpectedly	missing=0;wording=0;extra=0;class=-
testdir:fixedbugs/issue50671.go	interpreted	poison: cannot use "3333/10" as float64 value for parameter x	missing=0;wording=0;extra=0;class=-
testdir:fixedbugs/issue51401.go	interpreted	BASHPP-ESELECTOR-ROOT: outer is not a structured value	missing=0;wording=0;extra=0;class=-
testdir:fixedbugs/issue51913.go	interpreted	fixedbugs/issue51913.go:9:9: fixedbugs/issue51913.go:9:9: BASHPP-EEXPR-FORM: unsupported scalar call	missing=0;wording=0;extra=0;class=-
testdir:fixedbugs/issue52612.go	interpreted	fixedbugs/issue52612.go:30:32: BASHPP-EEXPR-FORM: unsupported scalar expression *syntax.BashPPAddressExpr	missing=0;wording=0;extra=0;class=-
testdir:fixedbugs/issue52697.go	interpreted	compilation succeeded unexpectedly	missing=0;wording=0;extra=0;class=-
testdir:fixedbugs/issue53137.go	interpreted	unknown imported symbol or method: unsafe.Offsetof	missing=0;wording=0;extra=0;class=-
testdir:fixedbugs/issue5373.go	interpreted	BASHPP-ECOLLECTION-ELEMENT: fixedbugs/issue5373.go:57:17: BASHPP-EEXPR-OPERAND: s is not a scalar	missing=0;wording=0;extra=0;class=-
testdir:fixedbugs/issue54220.go	interpreted	unknown imported symbol or method: unsafe.Offsetof	missing=0;wording=0;extra=0;class=-
testdir:fixedbugs/issue54467.go	interpreted	BASHPP-ECOLLECTION-STORAGE: missing slice capacity metadata	missing=0;wording=0;extra=0;class=-
testdir:fixedbugs/issue54542.go	interpreted	BASHPP-ESELECTOR-ASSIGN: target is not a structured value	missing=0;wording=0;extra=0;class=-
testdir:fixedbugs/issue54632.go	interpreted	fixedbugs/issue54632.go:21:7: BASHPP-EASSIGN-UNDECLARED: RHS pass is not declared	missing=0;wording=0;extra=0;class=-
testdir:fixedbugs/issue54911.go	compiled	test/fixedbugs/issue54911.go:16:2: LOWER-ETYPE: cannot use generic type Set without instantiation	missing=0;wording=0;extra=0;class=-
testdir:fixedbugs/issue5515.go	interpreted	fixedbugs/issue5515.go:16:21: BASHPP-EEXPR-OPERAND: b is not a scalar	missing=0;wording=0;extra=0;class=-
testdir:fixedbugs/issue56103.go	interpreted	compilation succeeded unexpectedly	missing=0;wording=0;extra=0;class=-
testdir:fixedbugs/issue57823.go	interpreted	unknown imported symbol or method: unsafe.SliceData	missing=0;wording=0;extra=0;class=-
testdir:fixedbugs/issue5856.go	interpreted	BUG: defer called from /srv/sprint142/sdk-source/go/test/fixedbugs/.bashpp-eval-2700883117/bashpp-session-4274208766.go:643, want issue5856.go:28	missing=0;wording=0;extra=0;class=-
testdir:fixedbugs/issue58671.go	interpreted	fixedbugs/issue58671.go:11:1: _ redeclared in this block	missing=0;wording=0;extra=0;class=-
testdir:fixedbugs/issue59293.go	interpreted	fixedbugs/issue59293.go:13:9: unknown imported symbol or method: unsafe.SliceData	missing=0;wording=0;extra=0;class=-
testdir:fixedbugs/issue59404part2.go	interpreted	fixedbugs/issue59404part2.go:18:2: BASHPP-EASSIGN-TYPE: untyped result is not assignable to func(int)(int)	missing=0;wording=0;extra=0;class=-
testdir:fixedbugs/issue59411.go	interpreted	BASHPP-ECOLLECTION-KEY: unsupported map key type float64	missing=0;wording=0;extra=0;class=-
testdir:fixedbugs/issue59680.go	interpreted	BASHPP-ECOLLECTION-ELEMENT: cannot use string value as RO	missing=0;wording=0;extra=0;class=-
testdir:fixedbugs/issue59709.go	interpreted	test/fixedbugs/issue59709.dir/cmem.go:32:19: BASHPP-ESELECTOR-UNKNOWN: __gosource_pkg_2_memResource has no field or method "teardown"	missing=0;wording=0;extra=0;class=-
testdir:fixedbugs/issue60601.go	interpreted	fixedbugs/issue60601.go:15:14: unknown imported symbol or method: unsafe.Sizeof	missing=0;wording=0;extra=0;class=-
testdir:fixedbugs/issue62203.go	interpreted	unknown imported symbol or method: maps.Clone	missing=0;wording=0;extra=0;class=-
testdir:fixedbugs/issue63333.go	interpreted	compilation succeeded unexpectedly	missing=0;wording=0;extra=0;class=-
testdir:fixedbugs/issue65417.go	interpreted	BASHPP-EGENERIC-INFER: cannot infer type arguments for f	missing=0;wording=0;extra=0;class=-
testdir:fixedbugs/issue65957.go	interpreted	BASHPP-ECOLLECTION-KEY: unsupported map key type interface	missing=0;wording=0;extra=0;class=-
testdir:fixedbugs/issue65962.go	interpreted	BASHPP-EASSERT-IMPOSSIBLE: T cannot be asserted from I	missing=0;wording=0;extra=0;class=-
testdir:fixedbugs/issue68227.go	interpreted	BASHPP-EBUILTIN-TYPE: BASHPP-ECOLLECTION-ELEMENT: cannot use string value as uint64	missing=0;wording=0;extra=0;class=-
testdir:fixedbugs/issue68415.go	interpreted	unknown imported symbol or method: unique.Make	missing=0;wording=0;extra=0;class=-
testdir:fixedbugs/issue6847.go	compiled	test/fixedbugs/issue6847.go:32:2: LOWER-ETYPE: cannot use cr (variable of type <-chan int) as chan int value in send	missing=0;wording=0;extra=0;class=-
testdir:fixedbugs/issue68526.go	interpreted	/srv/sprint162/leaf-integ-2/tmp/Testfixedbugsissue68526.go3145795377/001/src/issue68526.dir/main.go:21:5: BASHPP-ECOMPARE-TYPE: mismatched comparison	missing=0;wording=0;extra=0;class=-
testdir:fixedbugs/issue6866.go	interpreted	fixedbugs/issue6866.go:31:2: BASHPP-ECONST-EXPR: const initializer is not a constant expression	missing=0;wording=0;extra=0;class=-
testdir:fixedbugs/issue6866.go	compiled	output should be empty when (optional) expected-output file fixedbugs/issue6866.out is not present. Instead saw	missing=0;wording=0;extra=0;class=-
testdir:fixedbugs/issue70189.go	interpreted	BASHPP-ECOLLECTION-KEY: unsupported map key type float64	missing=0;wording=0;extra=0;class=-
testdir:fixedbugs/issue72844.go	interpreted	BASHPP-EBUILTIN-TYPE: assignment target "_" is not declared	missing=0;wording=0;extra=0;class=-
testdir:fixedbugs/issue74626.go	interpreted	compilation succeeded unexpectedly	missing=0;wording=0;extra=0;class=-
testdir:fixedbugs/issue75365.go	interpreted	fixedbugs/issue75365.go:28:36: BASHPP-EEXPR-FORM: unsupported scalar expression *syntax.BashPPAddressExpr	missing=0;wording=0;extra=0;class=-
testdir:fixedbugs/issue78081.go	interpreted	BASHPP-EBUILTIN-TYPE: assignment target "_" is not declared	missing=0;wording=0;extra=0;class=-
testdir:fixedbugs/issue78355.go	interpreted	compilation succeeded unexpectedly	missing=0;wording=0;extra=0;class=-
testdir:fixedbugs/issue79197.go	interpreted	BASHPP-ECOLLECTION-BOUNDS: index 5 out of bounds for length 1	missing=0;wording=0;extra=0;class=-
testdir:fixedbugs/issue79236.go	interpreted	BASHPP-ECOLLECTION-BOUNDS: index 5 out of bounds for length 2	missing=0;wording=0;extra=0;class=-
testdir:fixedbugs/issue79236b.go	interpreted	BASHPP-EASSERT-FAIL: interface value has dynamic type string, not error	missing=0;wording=0;extra=0;class=-
testdir:fixedbugs/issue79258.go	interpreted	compilation succeeded unexpectedly	missing=0;wording=0;extra=0;class=-
testdir:fixedbugs/issue79812.go	interpreted	fixedbugs/issue79812.go:18:9: BASHPP-EEXPR-CONVERT: cannot convert Complex to float64	missing=0;wording=0;extra=0;class=-
testdir:fixedbugs/issue79874.go	interpreted	fixedbugs/issue79874.go:43:42: BASHPP-EPOINTER-TARGET: indexed target is not a collection	missing=0;wording=0;extra=0;class=-
testdir:fixedbugs/issue80004.go	interpreted	fixedbugs/issue80004.go:51:11: fixedbugs/issue80004.go:51:34: BASHPP-EEXPR-FORM: unsupported scalar expression *syntax.BashPPAddressExpr	missing=0;wording=0;extra=0;class=-
testdir:fixedbugs/issue8004.go	interpreted	fixedbugs/issue8004.go:25:31: BASHPP-EEXPR-CONVERT: cannot convert String to unsafe.Pointer	missing=0;wording=0;extra=0;class=-
testdir:fixedbugs/issue80188.go	interpreted	BASHPP-EPOINTER-TARGET: undefined pointer target g	missing=0;wording=0;extra=0;class=-
testdir:fixedbugs/issue8606.go	interpreted	fixedbugs/issue8606.go:87:7: BASHPP-ECOMPARE-NONCOMPARABLE: unsupported comparison	missing=0;wording=0;extra=0;class=-
testdir:fixedbugs/issue8606b.go	interpreted	BASHPP-ESELECTOR-ASSIGN: target is not a structured value	missing=0;wording=0;extra=0;class=-
testdir:fixedbugs/issue8613.go	interpreted	fixedbugs/issue8613.go:14:9: fixedbugs/issue8613.go:14:9: BASHPP-EEXPR-DIVZERO: division by zero	missing=0;wording=0;extra=0;class=-
testdir:fixedbugs/issue8620.go	interpreted	fixedbugs/issue8620.go:20:5: BASHPP-EEXPR-UNDEFINED: undefined callable copy	missing=0;wording=0;extra=0;class=-
testdir:fixedbugs/issue9110.go	interpreted	BASHPP-ESELECTOR-ASSIGN: target is not a structured value	missing=0;wording=0;extra=0;class=-
testdir:fixedbugs/issue9604b.go	interpreted	BASHPP-ECOLLECTION-ELEMENT: fixedbugs/issue9604b.go:79:24: unknown imported symbol or method: unsafe.Sizeof	missing=0;wording=0;extra=0;class=-
testdir:fixedbugs/notinheap.go	interpreted	compilation succeeded unexpectedly	missing=0;wording=0;extra=0;class=-
testdir:fixedbugs/notinheap2.go	interpreted	compilation succeeded unexpectedly	missing=0;wording=0;extra=0;class=-
testdir:fixedbugs/walk_bounded_overshift_empty_bound.go	interpreted	fixedbugs/walk_bounded_overshift_empty_bound.go:13:9: BASHPP-ECOLLECTION-BOUNDS: index 0 out of bounds for length 0	missing=0;wording=0;extra=0;class=-
testdir:float_lit.go	interpreted	close: cannot use "1/100" as float64 value for parameter da	missing=0;wording=0;extra=0;class=-
testdir:float_lit2.go	interpreted	BASHPP-ECOLLECTION-ELEMENT: cannot use string value as uint64	missing=0;wording=0;extra=0;class=-
testdir:floatcmp.go	interpreted	BASHPP-ECOLLECTION-ELEMENT: floatcmp.go:25:25: BASHPP-EEXPR-OPERAND: nan is not a scalar	missing=0;wording=0;extra=0;class=-
testdir:func5.go	interpreted	func5.go:66:6: BASHPP-EASSIGN-UNDECLARED: RHS add is not declared	missing=0;wording=0;extra=0;class=-
testdir:func6.go	interpreted	func6.go:12:5: BASHPP-EEXPR-FORM: unsupported scalar call	missing=0;wording=0;extra=0;class=-
testdir:gc2.go	interpreted	gc2.go:41:15: BASHPP-ESELECTOR-TYPE: memstats has no fields	missing=0;wording=0;extra=0;class=-
testdir:gcgort.go	interpreted	gcgort.go:107:7: BASHPP-ECOMPARE-TYPE: value cannot be compared with nil	missing=0;wording=0;extra=0;class=-
testdir:genmeth1.go	interpreted	genmeth1.go:53:8: gosource: unsupported call target	missing=0;wording=0;extra=0;class=-
testdir:genmeth1.go	compiled	genmeth1.go:53:8: gosource: unsupported call target	missing=0;wording=0;extra=0;class=-
testdir:genmeth2.go	interpreted	genmeth2.go:33:2: gosource: unsupported call target	missing=0;wording=0;extra=0;class=-
testdir:genmeth2.go	compiled	genmeth2.go:33:2: gosource: unsupported call target	missing=0;wording=0;extra=0;class=-
testdir:goprint.go	interpreted	goprint.go:20:5: gosource: unsupported task capture: the launched callee does not resolve to an original function body; an original Go closure captures its free variables by reference and this launch cannot be given that meaning	missing=0;wording=0;extra=0;class=-
testdir:heapsampling.go	interpreted	BASHPP-ESELECTOR-ASSIGN: target is not a structured value	missing=0;wording=0;extra=0;class=-
testdir:init1.go	interpreted	init1.go:30:16: init1.go:30:16: BASHPP-ESELECTOR-TYPE: memstats has no fields	missing=0;wording=0;extra=0;class=-
testdir:initialize.go	interpreted	BASHPP-EASSIGN-MISMATCH: cannot use *[...]byte as *[16]byte	missing=0;wording=0;extra=0;class=-
testdir:interface/embed3.go	interpreted	test/interface/embed3.dir/embed1.go:39:21: BASHPP-EASSERT-FAIL: interface value has dynamic type X1, not __gosource_pkg_0_I1	missing=0;wording=0;extra=0;class=-
testdir:interface/embed3.go	compiled	panic: interface conversion: main.X1 is not main.__gosource_pkg_0_I1: missing method Foo [recovered]	missing=0;wording=0;extra=0;class=-
testdir:interface/fail.go	interpreted	interface/fail.go:24:6: BASHPP-EASSERT-FAIL: interface value has dynamic type *S, not I	missing=0;wording=0;extra=0;class=-
testdir:interface/returntype.go	interpreted	BASHPP-EASSERT-FAIL: interface value has dynamic type *S, not I2	missing=0;wording=0;extra=0;class=-
testdir:ken/cplx3.go	interpreted	ken/cplx3.go:42:37: BASHPP-EEXPR-FORM: unsupported scalar expression *syntax.BashPPAddressExpr	missing=0;wording=0;extra=0;class=-
testdir:ken/cplx5.go	interpreted	ken/cplx5.go:17:1: BASHPP-ECOLLECTION-KEY: unsupported map key type complex128	missing=0;wording=0;extra=0;class=-
testdir:ken/embed.go	interpreted	BASHPP-EPOINTER-TARGET: pointer field path no longer names struct storage	missing=0;wording=0;extra=0;class=-
testdir:ken/ptrfun.go	interpreted	ken/ptrfun.go:32:6: BASHPP-EASSIGN-CALL: tuple assignment requires a declared result-bearing function	missing=0;wording=0;extra=0;class=-
testdir:ken/rob1.go	interpreted	BASHPP-ESELECTOR-TYPE: local i has no typed selector path	missing=0;wording=0;extra=0;class=-
testdir:linkname3.go	interpreted	compilation succeeded unexpectedly	missing=0;wording=0;extra=0;class=-
testdir:linkname3.go	compiled	compilation succeeded unexpectedly	missing=0;wording=0;extra=0;class=-
testdir:linkx_run.go	interpreted	BASHPP-ESELECTOR-ASSIGN: target is not a structured value	missing=0;wording=0;extra=0;class=-
testdir:literal.go	interpreted	literal.go:137:2: literal.go:137:16: BASHPP-EEXPR-OPERAND: operator - not defined on String	missing=0;wording=0;extra=0;class=-
testdir:makeslice.go	interpreted	BASHPP-EBUILTIN-TYPE: assignment target "_" is not declared	missing=0;wording=0;extra=0;class=-
testdir:map.go	interpreted	map.go:482:3: BASHPP-EUPDATE-TARGET: BASHPP-ENONADDRESSABLE: map elements are not addressable	missing=0;wording=0;extra=0;class=-
testdir:maplinear.go	interpreted	BASHPP-ECOLLECTION-KEY: unsupported map key type float64	missing=0;wording=0;extra=0;class=-
testdir:method.go	interpreted	BASHPP-EINTERFACE-IMPOSSIBLE: struct cannot implement interface	missing=0;wording=0;extra=0;class=-
testdir:named.go	interpreted	named.go:39:36: BASHPP-EASSERT-FAIL: interface value has dynamic type bool, not Bool	missing=0;wording=0;extra=0;class=-
testdir:nil.go	interpreted	nil.go:26:2: BASHPP-ECOLLECTION-KEY: unsupported map key type float32	missing=0;wording=0;extra=0;class=-
testdir:nilptr2.go	interpreted	type struct has no method fn	missing=0;wording=0;extra=0;class=-
testdir:noinit.go	interpreted	noinit.go:286:1: _ redeclared in this block	missing=0;wording=0;extra=0;class=-
testdir:noinit.go	compiled	1	missing=0;wording=0;extra=0;class=-
testdir:nosplit.go	interpreted	BASHPP-ESELECTOR-ASSIGN: target is not a structured value	missing=0;wording=0;extra=0;class=-
testdir:nowritebarrier.go	interpreted	compilation succeeded unexpectedly	missing=0;wording=0;extra=0;class=-
testdir:print.go	interpreted	print.go:14:24: BASHPP-EEXPR-NIL: nil is not a scalar	missing=0;wording=0;extra=0;class=-
testdir:recover.go	interpreted	BASHPP-ERETURN-CALL: return requires a declared callable	missing=0;wording=0;extra=0;class=-
testdir:recover2.go	interpreted	BASHPP-EASSERT-FAIL: interface value has dynamic type string, not error	missing=0;wording=0;extra=0;class=-
testdir:recover3.go	interpreted	recover3.go:58:41: BASHPP-EEXPR-DIVZERO: division by zero	missing=0;wording=0;extra=0;class=-
testdir:reflectmethod1.go	interpreted	BASHPP-EASSERT-FAIL: interface value has dynamic type func(main.M), not func(M)()	missing=0;wording=0;extra=0;class=-
testdir:reflectmethod2.go	interpreted	BASHPP-EASSERT-FAIL: interface value has dynamic type func(main.M), not func(M)()	missing=0;wording=0;extra=0;class=-
testdir:reflectmethod3.go	interpreted	BASHPP-EASSERT-FAIL: interface value has dynamic type func(main.M), not func(M)()	missing=0;wording=0;extra=0;class=-
testdir:reflectmethod5.go	interpreted	reflectmethod5.go:20:1: unknown imported symbol or method: reflect.Type	missing=0;wording=0;extra=0;class=-
testdir:reflectmethod6.go	interpreted	reflectmethod6.go:19:1: unknown imported symbol or method: reflect.Type	missing=0;wording=0;extra=0;class=-
testdir:reflectmethod7.go	interpreted	reflectmethod7.go:23:15: BASHPP-ECOLLECTION-ELEMENT: handle (reflect.Value) has no interpreter representation	missing=0;wording=0;extra=0;class=-
testdir:reorder2.go	interpreted	reorder2.go:29:11: BASHPP-EEXPR-UNDEFINED: undefined: a	missing=0;wording=0;extra=0;class=-
testdir:shift3.go	interpreted	shift3.go:27:2: shift3.go:27:4: BASHPP-EEXPR-SHIFT: shift count must be an unsigned integer	missing=0;wording=0;extra=0;class=-
testdir:shift3.go	compiled	shift3.go:13:1: LOWER-ETYPE: "math" imported and not used	missing=0;wording=0;extra=0;class=-
testdir:sizeof.go	interpreted	sizeof.go:34:2: sizeof.go:34:12: unknown imported symbol or method: unsafe.Sizeof	missing=0;wording=0;extra=0;class=-
testdir:slice3.go	interpreted	/srv/sprint162/leaf-integ-2/tmp/Testslice3.go534770884/001/tmp__.go:47:23: BASHPP-EEXPR-CONVERT: cannot convert String to unsafe.Pointer	missing=0;wording=0;extra=0;class=-
testdir:slicecap.go	interpreted	slicecap.go:29:35: BASHPP-EEXPR-FORM: unsupported scalar expression *syntax.BashPPAddressExpr	missing=0;wording=0;extra=0;class=-
testdir:strcopy.go	interpreted	strcopy.go:26:5: BASHPP-ESELECTOR-ROOT: subh is not a structured value	missing=0;wording=0;extra=0;class=-
testdir:struct0.go	interpreted	struct0.go:17:1: BASHPP-ECOLLECTION-KEY: unsupported map key type interface	missing=0;wording=0;extra=0;class=-
testdir:turing.go	interpreted	BASHPP-ESWITCH-TYPE: case expression type byte does not match switch tag type uint8	missing=0;wording=0;extra=0;class=-
testdir:typeparam/absdiff2.go	interpreted	typeparam/absdiff2.go:34:7: BASHPP-EEXPR-OPERAND: operator - not defined on String and String	missing=0;wording=0;extra=0;class=-
testdir:typeparam/absdiff3.go	interpreted	typeparam/absdiff3.go:52:8: BASHPP-EASSIGN-CALL: tuple assignment requires a declared result-bearing function	missing=0;wording=0;extra=0;class=-
testdir:typeparam/absdiffimp2.go	interpreted	test/typeparam/absdiffimp2.dir/a.go:28:7: BASHPP-EEXPR-OPERAND: operator - not defined on String and String	missing=0;wording=0;extra=0;class=-
testdir:typeparam/dictionaryCapture-noinline.go	interpreted	unknown imported symbol or method: ii0	missing=0;wording=0;extra=0;class=-
testdir:typeparam/dictionaryCapture.go	interpreted	unknown imported symbol or method: ii0	missing=0;wording=0;extra=0;class=-
testdir:typeparam/dottype.go	interpreted	BASHPP-EASSERT-FAIL: interface value has dynamic type float64, not int	missing=0;wording=0;extra=0;class=-
testdir:typeparam/geninline.go	interpreted	test/typeparam/geninline.dir/a.go:27:6: /srv/sprint162/leaf-integ-2/evidence/goroot/test/typeparam/geninline.dir/a.go:27:16: BASHPP-EEXPR-FORM: unsupported scalar expression *syntax.BashPPAddressExpr	missing=0;wording=0;extra=0;class=-
testdir:typeparam/graph.go	interpreted	BASHPP-ECOLLECTION-ELEMENT: typeparam/graph.go:69:10: BASHPP-EEXPR-OPERAND: from is not a scalar	missing=0;wording=0;extra=0;class=-
testdir:typeparam/issue42758.go	interpreted	BASHPP-ECOLLECTION-KEY: unsupported map key type interface	missing=0;wording=0;extra=0;class=-
testdir:typeparam/issue46591.go	interpreted	typeparam/issue46591.go:11:1: BASHPP-ECOLLECTION-KEY: unsupported map key type interface	missing=0;wording=0;extra=0;class=-
testdir:typeparam/issue47713.go	interpreted	BASHPP-EINTERFACE-EMBED: interface Seralizable embeds non-interface encoding.BinaryMarshaler	missing=0;wording=0;extra=0;class=-
testdir:typeparam/issue47716.go	interpreted	unknown imported symbol or method: unsafe.Sizeof	missing=0;wording=0;extra=0;class=-
testdir:typeparam/issue47723.go	interpreted	typeparam/issue47723.go:16:9: BASHPP-ECOLLECTION-INDEX: typeparam/issue47723.go:16:11: BASHPP-EEXPR-FORM: unsupported scalar call	missing=0;wording=0;extra=0;class=-
testdir:typeparam/issue47740b.go	interpreted	typeparam/issue47740b.go:17:9: BASHPP-EASSERT-OPERAND: type assertion operand must be an interface	missing=0;wording=0;extra=0;class=-
testdir:typeparam/issue47901.go	interpreted	typeparam/issue47901.go:16:18: BASHPP-EEXPR-UNDEFINED: undefined callable make	missing=0;wording=0;extra=0;class=-
testdir:typeparam/issue47925b.go	interpreted	typeparam/issue47925b.go:19:14: BASHPP-EEXPR-CONVERT: cannot convert String to I[*S]	missing=0;wording=0;extra=0;class=-
testdir:typeparam/issue47925c.go	interpreted	typeparam/issue47925c.go:21:14: BASHPP-EEXPR-CONVERT: cannot convert String to J[*S]	missing=0;wording=0;extra=0;class=-
testdir:typeparam/issue47925d.go	interpreted	typeparam/issue47925d.go:22:14: BASHPP-EEXPR-CONVERT: cannot convert String to J[*S]	missing=0;wording=0;extra=0;class=-
testdir:typeparam/issue48094.go	interpreted	unknown imported symbol or method: __gosource_import_0_0_0.Sizeof	missing=0;wording=0;extra=0;class=-
testdir:typeparam/issue48137.go	interpreted	typeparam/issue48137.go:16:2: BASHPP-EASSIGN-TYPE: cannot assign func()(T) to Bar	missing=0;wording=0;extra=0;class=-
testdir:typeparam/issue48344.go	interpreted	BASHPP-EBUILTIN-TYPE: BASHPP-EASSIGN-MISMATCH: cannot use value as G[int]	missing=0;wording=0;extra=0;class=-
testdir:typeparam/issue48453.go	interpreted	typeparam/issue48453.go:19:2: BASHPP-ECOLLECTION-KEY: unsupported map key type *string	missing=0;wording=0;extra=0;class=-
testdir:typeparam/issue49295.go	interpreted	typeparam/issue49295.go:18:7: typeparam/issue49295.go:18:9: BASHPP-EEXPR-OPERAND: indexed value is not a scalar	missing=0;wording=0;extra=0;class=-
testdir:typeparam/issue50002.go	interpreted	BASHPP-EASSERT-IMPOSSIBLE: string cannot be asserted from I[byte]	missing=0;wording=0;extra=0;class=-
testdir:typeparam/issue50833.go	interpreted	BASHPP-ESTRUCT-TYPE: <inferred> is not a supported struct type	missing=0;wording=0;extra=0;class=-
testdir:typeparam/issue51303.go	interpreted	typeparam/issue51303.go:32:9: typeparam/issue51303.go:32:48: BASHPP-EEXPR-OPERAND: x is not a scalar	missing=0;wording=0;extra=0;class=-
testdir:typeparam/issue51522b.go	interpreted	BASHPP-ESWITCH-TYPE: case expression type fooer does not match switch tag type myint	missing=0;wording=0;extra=0;class=-
testdir:typeparam/issue53477.go	interpreted	typeparam/issue53477.go:28:9: BASHPP-EEXPR-CONVERT: cannot convert Int to Mer[X]	missing=0;wording=0;extra=0;class=-
testdir:typeparam/issue54456.go	interpreted	typeparam/issue54456.go:19:44: BASHPP-EEXPR-CONVERT: cannot convert Int to T[int]	missing=0;wording=0;extra=0;class=-
testdir:typeparam/issue54765.go	interpreted	compilation succeeded unexpectedly	missing=0;wording=0;extra=0;class=-
testdir:typeparam/issue58513.go	interpreted	BASHPP-ECOLLECTION-ELEMENT: scalar cannot be used as func()()	missing=0;wording=0;extra=0;class=-
testdir:typeparam/list2.go	interpreted	BASHPP-EASSIGN-MISMATCH: BASHPP-EASSIGN-MISMATCH: cannot use *_Element[T] as *_Element[string]	missing=0;wording=0;extra=0;class=-
testdir:typeparam/listimp2.go	interpreted	BASHPP-EASSIGN-MISMATCH: BASHPP-EASSIGN-MISMATCH: cannot use *__gosource_pkg_0_Element[T] as *__gosource_pkg_0_Element[string]	missing=0;wording=0;extra=0;class=-
testdir:typeparam/map.go	interpreted	func literal: cannot use "5/2" as float64 value for parameter f	missing=0;wording=0;extra=0;class=-
testdir:typeparam/mapimp.go	interpreted	func literal: cannot use "5/2" as float64 value for parameter f	missing=0;wording=0;extra=0;class=-
testdir:typeparam/mdempsky/16.go	interpreted	typeparam/mdempsky/16.go:32:6: BASHPP-EASSERT-IMPOSSIBLE: T cannot be asserted from interface	missing=0;wording=0;extra=0;class=-
testdir:typeparam/mdempsky/17.go	interpreted	typeparam/mdempsky/17.go:51:19: BASHPP-ECOLLECTION-ELEMENT: scalar cannot be used as V	missing=0;wording=0;extra=0;class=-
testdir:typeparam/metrics.go	interpreted	typeparam/metrics.go:51:1: BASHPP-ECOLLECTION-KEY: unsupported map key type key2[T1, T2]	missing=0;wording=0;extra=0;class=-
testdir:typeparam/min.go	interpreted	min: cannot use "7/2" as float64 value for parameter x	missing=0;wording=0;extra=0;class=-
testdir:typeparam/minimp.go	interpreted	__gosource_pkg_0_Min: cannot use "7/2" as float64 value for parameter x	missing=0;wording=0;extra=0;class=-
testdir:typeparam/nested.go	interpreted	BASHPP-ECOLLECTION-ELEMENT: cannot use *reflect.rtype as reflect.Type	missing=0;wording=0;extra=0;class=-
testdir:typeparam/ordered.go	interpreted	typeparam/ordered.go:38:31: BASHPP-EEXPR-OPERAND: s is not a scalar	missing=0;wording=0;extra=0;class=-
testdir:typeparam/orderedmap.go	interpreted	type *_Map[[]byte, int] has no method compare	missing=0;wording=0;extra=0;class=-
testdir:typeparam/orderedmapsimp.go	interpreted	type *__gosource_pkg_0_Map[[]byte, int] has no method compare	missing=0;wording=0;extra=0;class=-
testdir:typeparam/pair.go	interpreted	typeparam/pair.go:21:18: typeparam/pair.go:21:18: unknown imported symbol or method: unsafe.Sizeof	missing=0;wording=0;extra=0;class=-
testdir:typeparam/pairimp.go	interpreted	test/typeparam/pairimp.dir/main.go:15:18: /srv/sprint162/leaf-integ-2/evidence/goroot/test/typeparam/pairimp.dir/main.go:15:18: unknown imported symbol or method: unsafe.Sizeof	missing=0;wording=0;extra=0;class=-
testdir:typeparam/recoverimp.go	interpreted	__gosource_pkg_0_F: cannot use "53/10" as float64 value for parameter a	missing=0;wording=0;extra=0;class=-
testdir:typeparam/sliceimp.go	interpreted	isNaN: cannot use "" as float64 value for parameter f	missing=0;wording=0;extra=0;class=-
testdir:typeparam/slices.go	interpreted	isNaN: cannot use "" as float64 value for parameter f	missing=0;wording=0;extra=0;class=-
testdir:typeparam/smallest.go	interpreted	typeparam/smallest.go:35:28: BASHPP-EEXPR-CONVERT: cannot convert String to float64	missing=0;wording=0;extra=0;class=-
testdir:typeparam/sum.go	interpreted	typeparam/sum.go:43:9: BASHPP-EEXPR-CONVERT: cannot convert String to float64	missing=0;wording=0;extra=0;class=-
testdir:typeswitch.go	interpreted	BASHPP-ETYPESWITCH-OPERAND: type switch operand must be an interface	missing=0;wording=0;extra=0;class=-
testdir:uintptrescapes.go	interpreted	test/uintptrescapes.dir/main.go:18:4: /srv/sprint162/leaf-integ-2/evidence/goroot/test/uintptrescapes.dir/main.go:18:30: BASHPP-EEXPR-FORM: unsupported scalar expression *syntax.BashPPAddressExpr	missing=0;wording=0;extra=0;class=-
testdir:uintptrescapes.go	compiled	F1: got 0, want 42	missing=0;wording=0;extra=0;class=-
testdir:uintptrkeepalive.go	interpreted	compilation succeeded unexpectedly	missing=0;wording=0;extra=0;class=-
testdir:unsafe_slice_data.go	interpreted	unsafe_slice_data.go:17:48: BASHPP-EEXPR-FORM: unsupported scalar expression *syntax.BashPPAddressExpr	missing=0;wording=0;extra=0;class=-
testdir:unsafe_string.go	interpreted	unsafe_string.go:15:5: unknown imported symbol or method: unsafe.String	missing=0;wording=0;extra=0;class=-
testdir:unsafe_string_data.go	interpreted	unsafe_string_data.go:17:48: BASHPP-EEXPR-FORM: unsupported scalar expression *syntax.BashPPAddressExpr	missing=0;wording=0;extra=0;class=-
testdir:unsafebuiltins.go	interpreted	unsafebuiltins.go:14:7: BASHPP-ECONST-EXPR: const initializer is not a constant expression	missing=0;wording=0;extra=0;class=-
testdir:zerodivide.go	interpreted	BASHPP-ECOLLECTION-ELEMENT: cannot use *interp.bashPPBridgeValue value as float64	missing=0;wording=0;extra=0;class=-
typechecker:cmd/compile/internal/types2/TestCheck/decls2	interpreted	check_test.go:256: ../../../../internal/types/testdata/check/decls2/decls2a.go:89:6: no error expected: "method has no receiver"	missing=0;wording=0;extra=0;class=-
typechecker:cmd/compile/internal/types2/TestCheck/decls2	compiled	check_test.go:256: ../../../../internal/types/testdata/check/decls2/decls2a.go:89:6: no error expected: "method has no receiver"	missing=0;wording=0;extra=0;class=-
typechecker:cmd/compile/internal/types2/TestCheck/issues0.go	interpreted	check_test.go:256: ../../../../internal/types/testdata/check/issues0.go:330:7: no error expected: "invalid syntax tree: invalid use of ..."	missing=0;wording=0;extra=0;class=-
typechecker:cmd/compile/internal/types2/TestCheck/issues0.go	compiled	check_test.go:256: ../../../../internal/types/testdata/check/issues0.go:330:7: no error expected: "invalid syntax tree: invalid use of ..."	missing=0;wording=0;extra=0;class=-
typechecker:cmd/compile/internal/types2/TestCheck/stmt0.go	interpreted	check_test.go:256: ../../../../internal/types/testdata/check/stmt0.go:803:22: no error expected: "cannot declare in post statement"	missing=0;wording=0;extra=0;class=-
typechecker:cmd/compile/internal/types2/TestCheck/stmt0.go	compiled	check_test.go:256: ../../../../internal/types/testdata/check/stmt0.go:803:22: no error expected: "cannot declare in post statement"	missing=0;wording=0;extra=0;class=-
typechecker:cmd/compile/internal/types2/TestLocal/issue47996.go	interpreted	check_test.go:256: testdata/local/issue47996.go:8:31: no error expected: "undefined: P"	missing=0;wording=0;extra=0;class=-
typechecker:cmd/compile/internal/types2/TestLocal/issue47996.go	compiled	check_test.go:256: testdata/local/issue47996.go:8:31: no error expected: "undefined: P"	missing=0;wording=0;extra=0;class=-
typechecker:cmd/compile/internal/types2/TestLocal/issue68183.go	interpreted	check_test.go:256: testdata/local/issue68183.go:13:5: no error expected: "undefined: x"	missing=0;wording=0;extra=0;class=-
typechecker:cmd/compile/internal/types2/TestLocal/issue68183.go	compiled	check_test.go:256: testdata/local/issue68183.go:13:5: no error expected: "undefined: x"	missing=0;wording=0;extra=0;class=-
typechecker:go/types/TestCheck/issues0.go	interpreted	check_test.go:271: ../../internal/types/testdata/check/issues0.go:330:7: no error expected: "invalid syntax tree: invalid use of ..."	missing=0;wording=0;extra=0;class=-
typechecker:go/types/TestCheck/issues0.go	compiled	check_test.go:271: ../../internal/types/testdata/check/issues0.go:330:7: no error expected: "invalid syntax tree: invalid use of ..."	missing=0;wording=0;extra=0;class=-
typechecker:go/types/TestFixedbugs/issue39634.go	interpreted	check_test.go:271: ../../internal/types/testdata/fixedbugs/issue39634.go:73:25: no error expected: "too many arguments in call to F20"	missing=0;wording=0;extra=0;class=-
typechecker:go/types/TestFixedbugs/issue39634.go	compiled	check_test.go:271: ../../internal/types/testdata/fixedbugs/issue39634.go:73:25: no error expected: "too many arguments in call to F20"	missing=0;wording=0;extra=0;class=-
typechecker:go/types/TestFixedbugs/issue49005.go	interpreted	check_test.go:271: ../../internal/types/testdata/fixedbugs/issue49005.go:23:9: no error expected: "impossible type assertion: F2().(*X2)"	missing=0;wording=0;extra=0;class=-
typechecker:go/types/TestFixedbugs/issue49005.go	compiled	check_test.go:271: ../../internal/types/testdata/fixedbugs/issue49005.go:23:9: no error expected: "impossible type assertion: F2().(*X2)"	missing=0;wording=0;extra=0;class=-
typechecker:go/types/TestFixedbugs/issue50816.go	interpreted	check_test.go:271: ../../internal/types/testdata/fixedbugs/issue50816.go:21:6: no error expected: "impossible type assertion: i.(T1)"	missing=0;wording=0;extra=0;class=-
typechecker:go/types/TestFixedbugs/issue50816.go	compiled	check_test.go:271: ../../internal/types/testdata/fixedbugs/issue50816.go:21:6: no error expected: "impossible type assertion: i.(T1)"	missing=0;wording=0;extra=0;class=-
typechecker:go/types/TestFixedbugs/issue54942.go	interpreted	check_test.go:271: ../../internal/types/testdata/fixedbugs/issue54942.go:20:11: no error expected: "cannot use new(T) (value of type *T) as I value in variable declaration: *T does not implement I (wrong type for method m)"	missing=0;wording=0;extra=0;class=-
typechecker:go/types/TestFixedbugs/issue54942.go	compiled	check_test.go:271: ../../internal/types/testdata/fixedbugs/issue54942.go:20:11: no error expected: "cannot use new(T) (value of type *T) as I value in variable declaration: *T does not implement I (wrong type for method m)"	missing=0;wording=0;extra=0;class=-
typechecker:go/types/TestFixedbugs/issue58742.go	interpreted	check_test.go:271: ../../internal/types/testdata/fixedbugs/issue58742.go:8:9: no error expected: "not enough return values"	missing=0;wording=0;extra=0;class=-
typechecker:go/types/TestFixedbugs/issue58742.go	compiled	check_test.go:271: ../../internal/types/testdata/fixedbugs/issue58742.go:8:9: no error expected: "not enough return values"	missing=0;wording=0;extra=0;class=-
typechecker:go/types/TestFixedbugs/issue70150.go	interpreted	check_test.go:271: ../../internal/types/testdata/fixedbugs/issue70150.go:10:14: no error expected: "not enough arguments in call to vf"	missing=0;wording=0;extra=0;class=-
typechecker:go/types/TestFixedbugs/issue70150.go	compiled	check_test.go:271: ../../internal/types/testdata/fixedbugs/issue70150.go:10:14: no error expected: "not enough arguments in call to vf"	missing=0;wording=0;extra=0;class=-
typechecker:go/types/TestFixedbugs/issue70526.go	interpreted	check_test.go:271: ../../internal/types/testdata/fixedbugs/issue70526.go:10:7: no error expected: "too many arguments in call to f"	missing=0;wording=0;extra=0;class=-
typechecker:go/types/TestFixedbugs/issue70526.go	compiled	check_test.go:271: ../../internal/types/testdata/fixedbugs/issue70526.go:10:7: no error expected: "too many arguments in call to f"	missing=0;wording=0;extra=0;class=-
typechecker:go/types/TestFixedbugs/issue76103.go	interpreted	check_test.go:271: ../../internal/types/testdata/fixedbugs/issue76103.go:8:36: no error expected: "not enough arguments in call to f"	missing=0;wording=0;extra=0;class=-
typechecker:go/types/TestFixedbugs/issue76103.go	compiled	check_test.go:271: ../../internal/types/testdata/fixedbugs/issue76103.go:8:36: no error expected: "not enough arguments in call to f"	missing=0;wording=0;extra=0;class=-
typechecker:go/types/TestSpec/methods.go	interpreted	check_test.go:271: ../../internal/types/testdata/spec/methods.go:84:16: no error expected: "cannot use T{} (value of struct type T) as I[int] value in variable declaration: T does not implement I[int] (wrong type for method m)"	missing=0;wording=0;extra=0;class=-
typechecker:go/types/TestSpec/methods.go	compiled	check_test.go:271: ../../internal/types/testdata/spec/methods.go:84:16: no error expected: "cannot use T{} (value of struct type T) as I[int] value in variable declaration: T does not implement I[int] (wrong type for method m)"	missing=0;wording=0;extra=0;class=-
