# story	evidence	verdict	root_digest
# A root appears here only after its complete JSONL was produced through the
# reviewed gate and committed for review.  JSON self-hashes are integrity
# checks, not authentication; validate-evidence.rb requires this independent
# repository anchor before it calls an evidence chain authenticated.
#
# Sprint 118 / Story #3 replaced the executor pin with a reviewed candidate
# manifest (docs/go-by-example/candidates.tsv), moved every spawn/deadline/
# descendant primitive onto tools/corpus/executor.rb, and bumped the evidence
# schema to 8.  The Sprint 98 schema-6 root that used to be anchored here
# described the retired `go run` / `--compile` recipe; it was moved to
# tests/go-by-example/retired/sprint98-story198-schema6.jsonl.fail and is not
# an anchor.  That retired document is preserved, not deleted: a failed chain is
# part of this corpus's history and must remain readable.
#
# The anchor below is a REAL FAILING RUN.  It is the authenticated diagnostic
# candidate (gosource-v1) driven over all 85 rows in all three modes, and it is
# anchored precisely because it is honest: a fail verdict, produced by the real
# product, with every raw stream retained.  Anchoring it makes it independently
# re-verifiable and lets the tamper suite mutate a document the product actually
# produced instead of one generated by a stand-in.
#
# It is NOT closure.  validate-evidence.rb accepts a `pass` verdict only when
# denominator == executed == 255, missing == 0, and every single attempt is
# spawned, complete and passing.  Story fa07603b71dc closes on that and on
# nothing weaker; the failures this chain records are listed in
# prerequisites.md and are real product defects, not harness gaps.
