# repository	https://github.com/mmcgrana/gobyexample.git
# commit	7d705626375ba0263b616865a286e1587d6989c8
# observed	2026-09-03
# license	CC-BY-3.0
# generated_by	tools/go-by-example/refresh.sh
# derived_from	docs/go-by-example/classification.tsv
# path	kind	behavior	normalization	adapter	requires	bytes	sha256
examples/UPSTREAM-README.md	provenance	not_a_program	not_a_program	not_a_program	none	4591	3a8cccd835a665fe65803f3a92ae439d962a41804a6d0c49a1db900e71701b9b
examples/arrays/arrays.go	program	deterministic	none	none	none	1544	9b23202e95c943d209c6a60c61f2581c3b77137164f776fcfab2d5fe28f411cc
examples/atomic-counters/atomic-counters.go	program	concurrency	none	bounded_wait	none	1084	77f8807f9aef698f9f459ba4d9da3db32ebc66be80ad264055ec28237310b600
examples/base64-encoding/base64-encoding.go	program	deterministic	none	none	none	1085	d7829f6e593ead8c7290f4c136ba4a2a4bcd21c689c75b154fdc0f5bd9fdb9c0
examples/channel-buffering/channel-buffering.go	program	deterministic	none	none	none	729	6f79aec915ed516c6b44809d22c1a93259c4c29f6520522cf95f32c354cd9fa2
examples/channel-directions/channel-directions.go	program	deterministic	none	none	none	758	57f24a91827b584354f9cb0547f0d0847246ae821f7ab70c420c0829fd63c92f
examples/channel-synchronization/channel-synchronization.go	program	concurrency,timeout	none	bounded_wait	none	832	2b2722c1b4005ae9ccbdff20b28dcb236c61895eefddd87f5f5b257916984f83
examples/channels/channels.go	program	concurrency	none	bounded_wait	none	733	e9e529e8e51aab0ffe37ca6a9a87c17d5c691d5d807a085f1ad70c0c5e4fd106
examples/closing-channels/closing-channels.go	program	concurrency	none	bounded_wait	none	1698	b2ddb4aa5bce6a532fc9bc29e67800e1a31f8da7fb7131f4ee8bde7eecfbe15c
examples/closures/closures.go	program	deterministic	none	none	none	1108	0f2810ab24f1db02e2492105409e75c035fee4f75fd11416cc7d86a5ce997b66
examples/command-line-arguments/command-line-arguments.go	program	argv	argv0_path	argv_fixture	none	706	ec0640cbcf0c13b3abac38f902fd02104332c9565f3cdf1b09a8e6b46f969f33
examples/command-line-flags/command-line-flags.go	program	argv	none	argv_fixture	none	1715	3038d81a4af1f57c4b82bc5bfe66253eba0fd2a872afeb602a8af2c12eb1da25
examples/command-line-subcommands/command-line-subcommands.go	program	argv	none	argv_fixture	none	1572	31712b78e12412b679bc86e038fa3356e74494c70a0455e5a6ee1137471cc6d8
examples/constants/constants.go	program	deterministic	none	none	none	757	d3b6ade3b908390119d598380867844f91805992b2b8285ba52043ac8cecf050
examples/context/context.go	program	concurrency,network_server,timeout	none	bounded_wait,loopback_server	none	1489	7767ac607b8d097a1eff611b26968820b1d15bf243a39a1bd8ef8baa91d44182
examples/custom-errors/custom-errors.go	program	deterministic	none	none	none	1159	88886635c0867df55b7fcc2680e2c5d346799129b3ea258e0b717d9170a40c3f
examples/defer/defer.go	program	filesystem_temp	none	tmpdir	none	1185	ab32212541effa44f926787c6fabd6ce979926e8179ef873a4f0cb02a1fd5e42
examples/directories/directories.go	program	filesystem_cwd	none	hermetic_cwd	none	2273	3d749420f9cacda2ab10eda7d96ec6afda60be05cdec596c2ee7000fe255c7be
examples/embed-directive/embed-directive.go	program	deterministic	none	none	examples/embed-directive/folder/file1.hash,examples/embed-directive/folder/file2.hash,examples/embed-directive/folder/single_file.txt	1412	b545b105a85336f736e09378923d13bba8e57712d32ddcd9d8bd38dbf1082667
examples/embed-directive/folder/file1.hash	runtime_asset	not_a_program	not_a_program	not_a_program	none	4	181210f8f9c779c26da1d9b2075bde0127302ee0e3fca38c9a83f5b1dd8e5d3b
examples/embed-directive/folder/file2.hash	runtime_asset	not_a_program	not_a_program	not_a_program	none	4	cdfba543ee8ef7fdb3d8b587648cc22dd792bbd6272cc5447307c7c106c2374c
examples/embed-directive/folder/single_file.txt	runtime_asset	not_a_program	not_a_program	not_a_program	none	9	1ff203466e9f61d80b34170e88e22f7de355fd504313c905c1bef12c7ac14960
examples/enums/enums.go	program	deterministic	none	none	none	2228	67a2aac8d10eed0ece95e5354dda5ca9d6e6aa0023454444562c4255d17829f2
examples/environment-variables/environment-variables.go	program	environment	env_listing	fixed_env	none	952	1c8d6019811e77ed15c09a95913e3e60361382c6a8255af2c7a7c4ce3c522f21
examples/epoch/epoch.go	program	clock	wallclock	fake_clock	none	733	cb0dda38d90a869183761e32fded472ea323dcfd5405486d37f12f3d836531bf
examples/errors/errors.go	program	deterministic	none	none	none	2485	ecd2400f24ccf59e03edef06ea3dd51990a5be1c3580a789ced64123fcaa1998
examples/execing-processes/execing-processes.go	program	filesystem_cwd,process_exec	file_metadata	fixed_env,hermetic_cwd	none	1481	bf68541d4768c22da37c06286f3bfdf6dc3bf38f6e1b5dd69e6d9c9da1209a6f
examples/exit/exit.go	program	process_exit	goexit_status	exit_status_capture	none	466	e93cde4d0349043940e38a55b57cddfc0d60373586934ae9e6e7baf71c009d2a
examples/file-paths/file-paths.go	program	deterministic	none	none	none	1859	c36d61ae8a805c0c36f3c41f0d68e4f03128a026b0f74de5751d9d162f13bd7b
examples/for/for.go	program	deterministic	none	none	none	801	33b19fa2ec287be6b6e31837a4bd1db0bf2dbfe6cbd6b9f95479f5cfe001443a
examples/functions/functions.go	program	deterministic	none	none	none	785	49ba9f22c99bdeb4b3cac06d8a0543aa8f21cf96f9752fc1fcc8bca552d03a2f
examples/generics/generics.go	program	deterministic	none	none	none	2236	d070bee32f553632b83695063238193edb07d29ba609d12fb478d461dc352563
examples/goroutines/goroutines.go	program	concurrency,timeout	interleave_order	bounded_wait	none	827	5340052f4894c443597e177c515a104988b95d57a0ce1ac17475e8a6cad858d4
examples/hello-world/hello-world.go	program	deterministic	none	none	none	171	8d84be5c494a2014543abbabde8085216b1a15d8802865d24a645cd7e7429690
examples/http-client/http-client.go	program	network_client	none	fixed_env,local_http_origin	none	907	4815c48a78b97df40e0995ca4fb11c9d2b840f270eb29d09a2a495cb67a60e64
examples/http-server/http-server.go	program	network_server	none	loopback_server	none	1473	836772974848e6e2e156599b41dfb4bdf6106a88ed8c3b57629ba67950a94d00
examples/if-else/if-else.go	program	deterministic	none	none	none	897	6e98f481b15b40c64986eb884145bc400995d40d9ed156bce02b9cf8a6063408
examples/interfaces/interfaces.go	program	deterministic	none	none	none	1697	87e2b22c1f64bf33ac25a8ae109769745d9153a666d7ae2a8a7c1dcc43cef8a4
examples/json/json.go	program	deterministic	none	none	none	3910	2fc7c85f636a5f22d5480a7bc36262db6891d56890ea257470a8789afdb460a7
examples/line-filters/line-filters.go	program	stdin	none	stdin_fixture	none	1067	1f8b858817d3bdda938b6b6dc7ef217963d0d0eed9afb7080edb448188998617
examples/logging/logging.go	program	clock	wallclock	fake_clock	none	2320	a7c2043beb550a5a070019455a28de8bbaf92ab90455643a620837fe93aea446
examples/maps/maps.go	program	deterministic	none	none	none	1830	b5f6887155dfba0a2d017049b6c3d73a4eb2c347d17b38503b5c83a3f31e1138
examples/methods/methods.go	program	deterministic	none	none	none	894	e45520c211458cfeca1319c01657b537f3bbe23ee6aa2dc6456257b0a9292b27
examples/multiple-return-values/multiple-return-values.go	program	deterministic	none	none	none	615	c4b98dce32c4f49ca07b9044154639b6096902af4623c06838b7f1049d0bc85c
examples/mutexes/mutexes.go	program	concurrency	none	bounded_wait	none	1571	288acf44044d532f12ead0d173a521d7a67f272f9d4ce611c90dcdcafe0221f7
examples/non-blocking-channel-operations/non-blocking-channel-operations.go	program	deterministic	none	none	none	1339	6a00893632b9026bc6c2540f89fd6f09f723e2350912cebf6a7837c15feb40f4
examples/number-parsing/number-parsing.go	program	deterministic	none	none	none	972	75ada008e5d6cb389050ddeadb56a5465becd62da26a40a928fb301e27e3598e
examples/panic/panic.go	program	process_exit	panic_trace	exit_status_capture	none	761	776fafea232f80b6dd876725afc2f7febe395e928b4bb8985e9c91a91a4cb156
examples/pointers/pointers.go	program	deterministic	none	none	none	1345	6eb2e7177ce71a30a22246e4b63389a9d146414b7ea6d3f64ec8d61328417cfa
examples/random-numbers/random-numbers.go	program	random	random_stream	seeded_random	none	1146	77ab19c6defebea5fce189c6762d9b5cf90661023d51879810122bfb408f363d
examples/range-over-built-in-types/range-over-built-in-types.go	program	map_iteration	map_order	none	none	1264	cf72a169a87925cedd2637e7025edcd691740271ef3b3510758a08360b604a41
examples/range-over-channels/range-over-channels.go	program	deterministic	none	none	none	627	28b0c821c5abab03d502954325bec2ba75af27474973be9dcf5bcb9210c2fd24
examples/range-over-iterators/range-over-iterators.go	program	deterministic	none	none	none	2667	7ee6216ba19fe8e06821e1e46391a5040f3ae29c289f477d17c6a5f1b8f60717
examples/rate-limiting/rate-limiting.go	program	clock,concurrency,timeout	wallclock	bounded_wait,fake_clock	none	1954	7595f131cf5a02bee5e3ff53798a78dd73bab7c5d6c571905d5de136a837dd66
examples/reading-files/reading-files.go	program	file_input,filesystem_temp	none	input_file_fixture,tmpdir	none	2432	a865bbb658e91cb9b6ea9349a7bc5dfadf3d0d791144a3cb5bf8eaca50d21ae6
examples/recover/recover.go	program	deterministic	none	none	none	1198	e31f5a9461feee5dfba8631ebda00c7faf6b84d76f4824a17e01c858ac799399
examples/recursion/recursion.go	program	deterministic	none	none	none	778	3e64a878e9dd7226620ed33e36c74318b0d75bf9d0119ce02094c95b78353ec2
examples/regular-expressions/regular-expressions.go	program	deterministic	none	none	none	2759	061619299ede25698866c615f0a215d0188c38b8cb6f6f056a0996bffe239088
examples/select/select.go	program	concurrency,timeout	none	bounded_wait	none	830	525fca561d39e4668c6c5c724e769d0d2d7be0eda3f0bfa9929c7c626b18b58c
examples/sha256-hashes/sha256-hashes.go	program	deterministic	none	none	none	832	757a285bc845b19cd85e53f7e5c5475b72fc898fa8da12db9b02d15baab2bab7
examples/signals/signals.go	program	signals	none	signal_injector	none	991	ae3085f94eda7c2199a167f73628efaf8e3e0b17904abace594103a29008a50b
examples/slices/slices.go	program	deterministic	none	none	none	2642	8935053f17369f2769d93460588c725a0d44b0aa474cdf211f468681c16b3586
examples/sorting-by-functions/sorting-by-functions.go	program	deterministic	none	none	none	1322	b5289892f5dddf1639036b3c43cbf945046b3e7cab8287f72b71e246e24699d9
examples/sorting/sorting.go	program	deterministic	none	none	none	697	6c73638d79cf799d8de01597c9ffc53d2720e328cdfce6fb2da1301b35934805
examples/spawning-processes/spawning-processes.go	program	filesystem_cwd,process_exec	file_metadata,wallclock	fixed_env,hermetic_cwd	none	2569	928e2a97150e9dfbcad8d906eaa02db655ff25b9a66b1f187e56ea8979da4c67
examples/stateful-goroutines/stateful-goroutines.go	program	concurrency,random,timeout	throughput_count	bounded_wait,seeded_random	none	3111	dace8ea7873b85efc7092888e07786d6c636409d9387e05673b835c7e1306324
examples/string-formatting/string-formatting.go	program	pointer_identity	pointer_address	none	none	3302	08701c8c3f24d97dc32adcee28e99e994e85a9b386e3c379efafccbc55370b2a
examples/string-functions/string-functions.go	program	deterministic	none	none	none	1173	8380ad154f5972f19da7d1919e9099460d6719a560427803e0b32d8e557cebf8
examples/strings-and-runes/strings-and-runes.go	program	deterministic	none	none	none	2367	c368cb6e9c99f57b3a35a9f22730811a653d076c6eac36f3956ff65ac20d1c01
examples/struct-embedding/struct-embedding.go	program	deterministic	none	none	none	1606	01fbc16e4bdf89569b9045bbe28f14eaf2e93276edfd06d8d6b1ed3054d06847
examples/structs/structs.go	program	deterministic	none	none	none	1681	32d03d8b1dcc227191fcec17f4de0d8b7e11e9349143cff5d38c04c40713c4f2
examples/switch/switch.go	program	clock	wallclock	fake_clock	none	1336	b2699eb16c0b0bc8a5b7388077e374252c932e8fcf4708352d1a257058815d41
examples/tcp-server/tcp-server.go	program	concurrency,network_server	none	bounded_wait,loopback_server	none	1667	07d7f4491bd29ae68fa991da93a406d9746cc3dbd91afb97c36b8aa8b6cfec6c
examples/temporary-files-and-directories/temporary-files-and-directories.go	program	filesystem_temp	tmp_path	tmpdir	none	1879	8ee32aa460721a176fd0a5be8a9f3e80e75a9361f015dfa02ee978920af66378
examples/testing-and-benchmarking/main_test.go	test_program	test_harness,timeout	duration	bounded_wait,go_test_runner	none	2263	4070ecf5d264e90d2d8ddb6f456e7d8430562fe804961de80690a340ab44a17e
examples/text-templates/text-templates.go	program	deterministic	none	none	none	2480	c814fddeb498acf5252b8d38e5528c86f282d2da99437133bf7deefb9d2a7ebe
examples/tickers/tickers.go	program	clock,concurrency,timeout	wallclock	bounded_wait,fake_clock	none	947	9dfd404595ed484a3f4e19ec9ab712d2d3451d2555f75197c94296af234d532f
examples/time-formatting-parsing/time-formatting-parsing.go	program	clock	wallclock	fake_clock	none	1461	d9b94429f2969fe69e5b13a4139a84e966c1ac541ef096cd7d2708a6a301b4e4
examples/time/time.go	program	clock	wallclock	fake_clock	none	1375	2b7d1abe239fcf0c27e1a6ed890b45f02f4d28fad3756d68d377954216a408d8
examples/timeouts/timeouts.go	program	concurrency,timeout	none	bounded_wait	none	1416	3670d030f98ca1046237c7c7f8b35fca82a0e4278ead38fe35c279eb1191c3ff
examples/timers/timers.go	program	concurrency,timeout	none	bounded_wait	none	1203	9a4f53271ce75bafb04decf8494af57b15923c17e28182beba4a7b23740a2989
examples/url-parsing/url-parsing.go	program	deterministic	none	none	none	1508	ed41edf3e8072641decebd21569e90ae5281771533c481c3b127d24e085bd2f5
examples/values/values.go	program	deterministic	none	none	none	463	184c9425f256879118cb4a155f81d1ba4cd0112bfcbdd3509c8a3da37d0ca80b
examples/variables/variables.go	program	deterministic	none	none	none	802	77397742b5d3a6c2bd99e6b076258d5f6c1f8251963629e81ff92d32118db363
examples/variadic-functions/variadic-functions.go	program	deterministic	none	none	none	867	e60f1e36e235b84e43aed7528bc74cb145cfd9a825e4bac1f9d3196143335c00
examples/waitgroups/waitgroups.go	program	concurrency,timeout	interleave_order	bounded_wait	none	1042	40ab445a59161f7e44990577def34722d376e00c939551a5a14552ac5e0e8ef4
examples/worker-pools/worker-pools.go	program	concurrency,timeout	interleave_order	bounded_wait	none	1418	071e498c4d99d57a6963c095c1d40a94e0672e2a2b34b4875e7400c57aa1274e
examples/writing-files/writing-files.go	program	filesystem_temp	none	tmpdir	none	1334	5ccb7cad94d0b467934b96ffc4a6abb0a6a3fea35da39b4bbbfd8a28aab06cce
examples/xml/xml.go	program	deterministic	none	none	none	1919	f44c127fc84cbc2491665fcf2dfdb08571f925fa2072777130d9b390001c1aec
