path	mode	verdict	state	exit	phase	family
examples/arrays/arrays.go	oracle	pass	complete	0	run	pass
examples/arrays/arrays.go	interpreted	pass	complete	0	run	pass
examples/arrays/arrays.go	compiled	pass	complete	0	run	pass
examples/atomic-counters/atomic-counters.go	oracle	pass	complete	0	run	pass
examples/atomic-counters/atomic-counters.go	interpreted	pass	complete	0	run	pass
examples/atomic-counters/atomic-counters.go	compiled	pass	complete	0	run	pass
examples/base64-encoding/base64-encoding.go	oracle	pass	complete	0	run	pass
examples/base64-encoding/base64-encoding.go	interpreted	pass	complete	0	run	pass
examples/base64-encoding/base64-encoding.go	compiled	pass	complete	0	run	pass
examples/channel-buffering/channel-buffering.go	oracle	pass	complete	0	run	pass
examples/channel-buffering/channel-buffering.go	interpreted	pass	complete	0	run	pass
examples/channel-buffering/channel-buffering.go	compiled	pass	complete	0	run	pass
examples/channel-directions/channel-directions.go	oracle	pass	complete	0	run	pass
examples/channel-directions/channel-directions.go	interpreted	pass	complete	0	run	pass
examples/channel-directions/channel-directions.go	compiled	pass	complete	0	run	pass
examples/channel-synchronization/channel-synchronization.go	oracle	pass	complete	0	run	pass
examples/channel-synchronization/channel-synchronization.go	interpreted	pass	complete	0	run	pass
examples/channel-synchronization/channel-synchronization.go	compiled	pass	complete	0	run	pass
examples/channels/channels.go	oracle	pass	complete	0	run	pass
examples/channels/channels.go	interpreted	pass	complete	0	run	pass
examples/channels/channels.go	compiled	pass	complete	0	run	pass
examples/closing-channels/closing-channels.go	oracle	pass	complete	0	run	pass
examples/closing-channels/closing-channels.go	interpreted	pass	complete	0	run	pass
examples/closing-channels/closing-channels.go	compiled	pass	complete	0	run	pass
examples/closures/closures.go	oracle	pass	complete	0	run	pass
examples/closures/closures.go	interpreted	pass	complete	0	run	pass
examples/closures/closures.go	compiled	pass	complete	0	run	pass
examples/command-line-arguments/command-line-arguments.go	oracle	pass	complete	0	run	pass
examples/command-line-arguments/command-line-arguments.go	interpreted	pass	complete	0	run	pass
examples/command-line-arguments/command-line-arguments.go	compiled	pass	complete	0	run	pass
examples/command-line-flags/command-line-flags.go	oracle	pass	complete	0	run	pass
examples/command-line-flags/command-line-flags.go	interpreted	fail_mismatch	complete	1	run	program-diagnostic
examples/command-line-flags/command-line-flags.go	compiled	pass	complete	0	run	pass
examples/command-line-subcommands/command-line-subcommands.go	oracle	pass	complete	0	run	pass
examples/command-line-subcommands/command-line-subcommands.go	interpreted	fail_mismatch	complete	1	run	program-diagnostic
examples/command-line-subcommands/command-line-subcommands.go	compiled	pass	complete	0	run	pass
examples/constants/constants.go	oracle	pass	complete	0	run	pass
examples/constants/constants.go	interpreted	pass	complete	0	run	pass
examples/constants/constants.go	compiled	pass	complete	0	run	pass
examples/context/context.go	oracle	pass	complete	143	run	pass
examples/context/context.go	interpreted	fail_mismatch	complete	1	run	program-diagnostic
examples/context/context.go	compiled	pass	complete	143	run	pass
examples/custom-errors/custom-errors.go	oracle	pass	complete	0	run	pass
examples/custom-errors/custom-errors.go	interpreted	pass	complete	0	run	pass
examples/custom-errors/custom-errors.go	compiled	pass	complete	0	run	pass
examples/defer/defer.go	oracle	pass	complete	0	run	pass
examples/defer/defer.go	interpreted	pass	complete	0	run	pass
examples/defer/defer.go	compiled	pass	complete	0	run	pass
examples/directories/directories.go	oracle	pass	complete	0	run	pass
examples/directories/directories.go	interpreted	fail_mismatch	complete	2	run	program-diagnostic
examples/directories/directories.go	compiled	pass	complete	0	run	pass
examples/embed-directive/embed-directive.go	oracle	pass	complete	0	run	pass
examples/embed-directive/embed-directive.go	interpreted	fail_mismatch	complete	0	run	output-or-status-mismatch
examples/embed-directive/embed-directive.go	compiled	pass	complete	0	run	pass
examples/enums/enums.go	oracle	pass	complete	0	run	pass
examples/enums/enums.go	interpreted	pass	complete	0	run	pass
examples/enums/enums.go	compiled	pass	complete	0	run	pass
examples/environment-variables/environment-variables.go	oracle	pass	complete	0	run	pass
examples/environment-variables/environment-variables.go	interpreted	pass	complete	0	run	pass
examples/environment-variables/environment-variables.go	compiled	pass	complete	0	run	pass
examples/epoch/epoch.go	oracle	pass	complete	0	run	pass
examples/epoch/epoch.go	interpreted	pass	complete	0	run	pass
examples/epoch/epoch.go	compiled	pass	complete	0	run	pass
examples/errors/errors.go	oracle	pass	complete	0	run	pass
examples/errors/errors.go	interpreted	fail_mismatch	complete	2	run	aggregate-composite-expression
examples/errors/errors.go	compiled	pass	complete	0	run	pass
examples/execing-processes/execing-processes.go	oracle	pass	complete	0	run	pass
examples/execing-processes/execing-processes.go	interpreted	pass	complete	0	run	pass
examples/execing-processes/execing-processes.go	compiled	pass	complete	0	run	pass
examples/exit/exit.go	oracle	pass	complete	3	run	pass
examples/exit/exit.go	interpreted	pass	complete	3	run	pass
examples/exit/exit.go	compiled	pass	complete	3	run	pass
examples/file-paths/file-paths.go	oracle	pass	complete	0	run	pass
examples/file-paths/file-paths.go	interpreted	pass	complete	0	run	pass
examples/file-paths/file-paths.go	compiled	pass	complete	0	run	pass
examples/for/for.go	oracle	pass	complete	0	run	pass
examples/for/for.go	interpreted	pass	complete	0	run	pass
examples/for/for.go	compiled	pass	complete	0	run	pass
examples/functions/functions.go	oracle	pass	complete	0	run	pass
examples/functions/functions.go	interpreted	pass	complete	0	run	pass
examples/functions/functions.go	compiled	pass	complete	0	run	pass
examples/generics/generics.go	oracle	pass	complete	0	run	pass
examples/generics/generics.go	interpreted	fail_mismatch	complete	2	run	generic-method-receiver
examples/generics/generics.go	compiled	pass	complete	0	run	pass
examples/goroutines/goroutines.go	oracle	pass	complete	0	run	pass
examples/goroutines/goroutines.go	interpreted	pass	complete	0	run	pass
examples/goroutines/goroutines.go	compiled	pass	complete	0	run	pass
examples/hello-world/hello-world.go	oracle	pass	complete	0	run	pass
examples/hello-world/hello-world.go	interpreted	pass	complete	0	run	pass
examples/hello-world/hello-world.go	compiled	pass	complete	0	run	pass
examples/http-client/http-client.go	oracle	pass	complete	0	run	pass
examples/http-client/http-client.go	interpreted	pass	complete	0	run	pass
examples/http-client/http-client.go	compiled	pass	complete	0	run	pass
examples/http-server/http-server.go	oracle	pass	complete	143	run	pass
examples/http-server/http-server.go	interpreted	fail_mismatch	complete	1	run	program-diagnostic
examples/http-server/http-server.go	compiled	pass	complete	143	run	pass
examples/if-else/if-else.go	oracle	pass	complete	0	run	pass
examples/if-else/if-else.go	interpreted	pass	complete	0	run	pass
examples/if-else/if-else.go	compiled	pass	complete	0	run	pass
examples/interfaces/interfaces.go	oracle	pass	complete	0	run	pass
examples/interfaces/interfaces.go	interpreted	pass	complete	0	run	pass
examples/interfaces/interfaces.go	compiled	pass	complete	0	run	pass
examples/json/json.go	oracle	pass	complete	0	run	pass
examples/json/json.go	interpreted	fail_normalization	complete	1	run	comparator-shape-or-prior-error
examples/json/json.go	compiled	pass	complete	0	run	pass
examples/line-filters/line-filters.go	oracle	pass	complete	0	run	pass
examples/line-filters/line-filters.go	interpreted	pass	complete	0	run	pass
examples/line-filters/line-filters.go	compiled	pass	complete	0	run	pass
examples/logging/logging.go	oracle	pass	complete	0	run	pass
examples/logging/logging.go	interpreted	fail_mismatch	complete	1	run	program-diagnostic
examples/logging/logging.go	compiled	pass	complete	0	run	pass
examples/maps/maps.go	oracle	pass	complete	0	run	pass
examples/maps/maps.go	interpreted	fail_mismatch	complete	2	run	program-diagnostic
examples/maps/maps.go	compiled	pass	complete	0	run	pass
examples/methods/methods.go	oracle	pass	complete	0	run	pass
examples/methods/methods.go	interpreted	pass	complete	0	run	pass
examples/methods/methods.go	compiled	pass	complete	0	run	pass
examples/multiple-return-values/multiple-return-values.go	oracle	pass	complete	0	run	pass
examples/multiple-return-values/multiple-return-values.go	interpreted	pass	complete	0	run	pass
examples/multiple-return-values/multiple-return-values.go	compiled	pass	complete	0	run	pass
examples/mutexes/mutexes.go	oracle	pass	complete	0	run	pass
examples/mutexes/mutexes.go	interpreted	pass	complete	0	run	pass
examples/mutexes/mutexes.go	compiled	pass	complete	0	run	pass
examples/non-blocking-channel-operations/non-blocking-channel-operations.go	oracle	pass	complete	0	run	pass
examples/non-blocking-channel-operations/non-blocking-channel-operations.go	interpreted	pass	complete	0	run	pass
examples/non-blocking-channel-operations/non-blocking-channel-operations.go	compiled	pass	complete	0	run	pass
examples/number-parsing/number-parsing.go	oracle	pass	complete	0	run	pass
examples/number-parsing/number-parsing.go	interpreted	pass	complete	0	run	pass
examples/number-parsing/number-parsing.go	compiled	pass	complete	0	run	pass
examples/panic/panic.go	oracle	pass	complete	2	run	pass
examples/panic/panic.go	interpreted	fail_mismatch	complete	2	run	program-diagnostic
examples/panic/panic.go	compiled	pass	complete	2	run	pass
examples/pointers/pointers.go	oracle	pass	complete	0	run	pass
examples/pointers/pointers.go	interpreted	fail_mismatch	complete	2	run	program-diagnostic
examples/pointers/pointers.go	compiled	pass	complete	0	run	pass
examples/random-numbers/random-numbers.go	oracle	pass	complete	0	run	pass
examples/random-numbers/random-numbers.go	interpreted	pass	complete	0	run	pass
examples/random-numbers/random-numbers.go	compiled	pass	complete	0	run	pass
examples/range-over-built-in-types/range-over-built-in-types.go	oracle	pass	complete	0	run	pass
examples/range-over-built-in-types/range-over-built-in-types.go	interpreted	pass	complete	0	run	pass
examples/range-over-built-in-types/range-over-built-in-types.go	compiled	pass	complete	0	run	pass
examples/range-over-channels/range-over-channels.go	oracle	pass	complete	0	run	pass
examples/range-over-channels/range-over-channels.go	interpreted	pass	complete	0	run	pass
examples/range-over-channels/range-over-channels.go	compiled	pass	complete	0	run	pass
examples/range-over-iterators/range-over-iterators.go	oracle	pass	complete	0	run	pass
examples/range-over-iterators/range-over-iterators.go	interpreted	fail_mismatch	complete	2	run	generic-method-receiver
examples/range-over-iterators/range-over-iterators.go	compiled	pass	complete	0	run	pass
examples/rate-limiting/rate-limiting.go	oracle	pass	complete	0	run	pass
examples/rate-limiting/rate-limiting.go	interpreted	pass	complete	0	run	pass
examples/rate-limiting/rate-limiting.go	compiled	pass	complete	0	run	pass
examples/reading-files/reading-files.go	oracle	pass	complete	0	run	pass
examples/reading-files/reading-files.go	interpreted	pass	complete	0	run	pass
examples/reading-files/reading-files.go	compiled	pass	complete	0	run	pass
examples/recover/recover.go	oracle	pass	complete	0	run	pass
examples/recover/recover.go	interpreted	pass	complete	0	run	pass
examples/recover/recover.go	compiled	pass	complete	0	run	pass
examples/recursion/recursion.go	oracle	pass	complete	0	run	pass
examples/recursion/recursion.go	interpreted	fail_mismatch	complete	2	run	native-argument-type-identity
examples/recursion/recursion.go	compiled	pass	complete	0	run	pass
examples/regular-expressions/regular-expressions.go	oracle	pass	complete	0	run	pass
examples/regular-expressions/regular-expressions.go	interpreted	fail_mismatch	complete	1	run	program-diagnostic
examples/regular-expressions/regular-expressions.go	compiled	pass	complete	0	run	pass
examples/select/select.go	oracle	pass	complete	0	run	pass
examples/select/select.go	interpreted	pass	complete	0	run	pass
examples/select/select.go	compiled	pass	complete	0	run	pass
examples/sha256-hashes/sha256-hashes.go	oracle	pass	complete	0	run	pass
examples/sha256-hashes/sha256-hashes.go	interpreted	pass	complete	0	run	pass
examples/sha256-hashes/sha256-hashes.go	compiled	pass	complete	0	run	pass
examples/signals/signals.go	oracle	pass	complete	0	run	pass
examples/signals/signals.go	interpreted	fail_mismatch	complete	130	run	output-or-status-mismatch
examples/signals/signals.go	compiled	pass	complete	0	run	pass
examples/slices/slices.go	oracle	pass	complete	0	run	pass
examples/slices/slices.go	interpreted	pass	complete	0	run	pass
examples/slices/slices.go	compiled	pass	complete	0	run	pass
examples/sorting-by-functions/sorting-by-functions.go	oracle	pass	complete	0	run	pass
examples/sorting-by-functions/sorting-by-functions.go	interpreted	fail_mismatch	complete	1	run	program-diagnostic
examples/sorting-by-functions/sorting-by-functions.go	compiled	pass	complete	0	run	pass
examples/sorting/sorting.go	oracle	pass	complete	0	run	pass
examples/sorting/sorting.go	interpreted	fail_mismatch	complete	1	run	program-diagnostic
examples/sorting/sorting.go	compiled	pass	complete	0	run	pass
examples/spawning-processes/spawning-processes.go	oracle	pass	complete	0	run	pass
examples/spawning-processes/spawning-processes.go	interpreted	fail_normalization	complete	2	run	multiple-assignment-or-tuple
examples/spawning-processes/spawning-processes.go	compiled	pass	complete	0	run	pass
examples/stateful-goroutines/stateful-goroutines.go	oracle	pass	complete	0	run	pass
examples/stateful-goroutines/stateful-goroutines.go	interpreted	fail_normalization	complete	1	run	comparator-shape-or-prior-error
examples/stateful-goroutines/stateful-goroutines.go	compiled	pass	complete	0	run	pass
examples/string-formatting/string-formatting.go	oracle	pass	complete	0	run	pass
examples/string-formatting/string-formatting.go	interpreted	pass	complete	0	run	pass
examples/string-formatting/string-formatting.go	compiled	pass	complete	0	run	pass
examples/string-functions/string-functions.go	oracle	pass	complete	0	run	pass
examples/string-functions/string-functions.go	interpreted	pass	complete	0	run	pass
examples/string-functions/string-functions.go	compiled	pass	complete	0	run	pass
examples/strings-and-runes/strings-and-runes.go	oracle	pass	complete	0	run	pass
examples/strings-and-runes/strings-and-runes.go	interpreted	fail_mismatch	complete	1	run	imported-aggregate-selector
examples/strings-and-runes/strings-and-runes.go	compiled	pass	complete	0	run	pass
examples/struct-embedding/struct-embedding.go	oracle	pass	complete	0	run	pass
examples/struct-embedding/struct-embedding.go	interpreted	pass	complete	0	run	pass
examples/struct-embedding/struct-embedding.go	compiled	pass	complete	0	run	pass
examples/structs/structs.go	oracle	pass	complete	0	run	pass
examples/structs/structs.go	interpreted	pass	complete	0	run	pass
examples/structs/structs.go	compiled	pass	complete	0	run	pass
examples/switch/switch.go	oracle	pass	complete	0	run	pass
examples/switch/switch.go	interpreted	pass	complete	0	run	pass
examples/switch/switch.go	compiled	pass	complete	0	run	pass
examples/tcp-server/tcp-server.go	oracle	pass	complete	143	run	pass
examples/tcp-server/tcp-server.go	interpreted	pass	complete	143	run	pass
examples/tcp-server/tcp-server.go	compiled	pass	complete	143	run	pass
examples/temporary-files-and-directories/temporary-files-and-directories.go	oracle	pass	complete	0	run	pass
examples/temporary-files-and-directories/temporary-files-and-directories.go	interpreted	pass	complete	0	run	pass
examples/temporary-files-and-directories/temporary-files-and-directories.go	compiled	pass	complete	0	run	pass
examples/testing-and-benchmarking/main_test.go	oracle	pass	complete	0	run	pass
examples/testing-and-benchmarking/main_test.go	interpreted	fail_normalization	complete	1	run	comparator-shape-or-prior-error
examples/testing-and-benchmarking/main_test.go	compiled	pass	complete	0	run	pass
examples/text-templates/text-templates.go	oracle	pass	complete	0	run	pass
examples/text-templates/text-templates.go	interpreted	pass	complete	0	run	pass
examples/text-templates/text-templates.go	compiled	pass	complete	0	run	pass
examples/tickers/tickers.go	oracle	pass	complete	0	run	pass
examples/tickers/tickers.go	interpreted	pass	complete	0	run	pass
examples/tickers/tickers.go	compiled	pass	complete	0	run	pass
examples/time-formatting-parsing/time-formatting-parsing.go	oracle	pass	complete	0	run	pass
examples/time-formatting-parsing/time-formatting-parsing.go	interpreted	pass	complete	0	run	pass
examples/time-formatting-parsing/time-formatting-parsing.go	compiled	pass	complete	0	run	pass
examples/time/time.go	oracle	pass	complete	0	run	pass
examples/time/time.go	interpreted	fail_normalization	complete	1	run	callback-or-callable-value
examples/time/time.go	compiled	pass	complete	0	run	pass
examples/timeouts/timeouts.go	oracle	pass	complete	0	run	pass
examples/timeouts/timeouts.go	interpreted	pass	complete	0	run	pass
examples/timeouts/timeouts.go	compiled	pass	complete	0	run	pass
examples/timers/timers.go	oracle	pass	complete	0	run	pass
examples/timers/timers.go	interpreted	pass	complete	0	run	pass
examples/timers/timers.go	compiled	pass	complete	0	run	pass
examples/url-parsing/url-parsing.go	oracle	pass	complete	0	run	pass
examples/url-parsing/url-parsing.go	interpreted	pass	complete	0	run	pass
examples/url-parsing/url-parsing.go	compiled	pass	complete	0	run	pass
examples/values/values.go	oracle	pass	complete	0	run	pass
examples/values/values.go	interpreted	pass	complete	0	run	pass
examples/values/values.go	compiled	pass	complete	0	run	pass
examples/variables/variables.go	oracle	pass	complete	0	run	pass
examples/variables/variables.go	interpreted	pass	complete	0	run	pass
examples/variables/variables.go	compiled	pass	complete	0	run	pass
examples/variadic-functions/variadic-functions.go	oracle	pass	complete	0	run	pass
examples/variadic-functions/variadic-functions.go	interpreted	fail_mismatch	complete	2	run	program-diagnostic
examples/variadic-functions/variadic-functions.go	compiled	pass	complete	0	run	pass
examples/waitgroups/waitgroups.go	oracle	pass	complete	0	run	pass
examples/waitgroups/waitgroups.go	interpreted	pass	complete	0	run	pass
examples/waitgroups/waitgroups.go	compiled	pass	complete	0	run	pass
examples/worker-pools/worker-pools.go	oracle	pass	complete	0	run	pass
examples/worker-pools/worker-pools.go	interpreted	pass	complete	0	run	pass
examples/worker-pools/worker-pools.go	compiled	pass	complete	0	run	pass
examples/writing-files/writing-files.go	oracle	pass	complete	0	run	pass
examples/writing-files/writing-files.go	interpreted	pass	complete	0	run	pass
examples/writing-files/writing-files.go	compiled	pass	complete	0	run	pass
examples/xml/xml.go	oracle	pass	complete	0	run	pass
examples/xml/xml.go	interpreted	fail_mismatch	complete	1	run	program-diagnostic
examples/xml/xml.go	compiled	pass	complete	0	run	pass
