# Sprint: #150; Story: S150.3; Story-ID: 4d5c5fab536e
# Authenticated 150.3 `errorcheckandrundir` packet (manifest sprint142-leaf-packet-manifest/v4
# packet-150.3.json sha256 52008152488cfabbddb8536a255ff7e5ab6b12ff9920b2ba2994541ac0d0b020,
# count 5, root list sha256 f9a10072f460ed7e4bcff7325b4af58a7496b6d96190c8ec87e7e1ded95be43f).
# capability	test	action	sha256	selected_companions (path=sha256, comma-separated; - means none)
errorcheckandrundir-closure3	closure3.go	errorcheckandrundir	2828436259c2298dc4075632650266f10f23cffc7182f745f69827d4583cbf34	closure3.dir/main.go=98a6c8a31ada2f3087d4f7ae27701f370fc7ae861ec2dcedd87be99b6d411cfe
errorcheckandrundir-bug248	fixedbugs/bug248.go	errorcheckandrundir	eeda64ca4294fb09e40044e60b5d88c126ac8b9523dc527b5d9634a2b9b8b0c8	fixedbugs/bug248.dir/bug0.go=6a5937f45f9f1c0978989c0a5865de7c407301098c99dab901704f2999405007,fixedbugs/bug248.dir/bug1.go=e1fe5789995df09aac5e24a07b11cdbb512f07363d4b4976d06175ab45364380,fixedbugs/bug248.dir/bug2.go=5961c68d1cb1b11599d2ad516328e4e85707f4d71e4259e38b3a4d2c774082fa,fixedbugs/bug248.dir/bug3.go=f850e43e5bad062bbadba5d9afc173673d06c3fdf5c82a5f410b05995717a67f
errorcheckandrundir-issue37837	fixedbugs/issue37837.go	errorcheckandrundir	26aa56074bddc44bfa3bc54ab8149c2d1be8229960d1194d261b77a94e993ad2	fixedbugs/issue37837.dir/a.go=a985239dcd4bea8f02d2fd7a9c2e1cff92d695b40736120dac49e0558f8a1bfb,fixedbugs/issue37837.dir/b.go=ec5f51dde311af576048ea21006dccdfa97b47b09d73f190f399554100685cc4
errorcheckandrundir-intrinsic	intrinsic.go	errorcheckandrundir	bfdee28f7f57a32162f8b92301aa5bc0c6cbcabffa5685dc0f2175ddd994d0d5	intrinsic.dir/main.go=da7c2fd11229051c9674732546aba192610bc48853d693830ed26b0b4238a58f
errorcheckandrundir-linkname	linkname.go	errorcheckandrundir	cecb3c5b29dc33185542e78d848bb5884770c66061bba2e3ab9f0116c91c9647	linkname.dir/linkname1.go=e42984b85d2f559874ea8427b2145efcd189ced24bb211be01cdb995457a541e,linkname.dir/linkname2.go=cc52cba2eb7c51d3d36ad8c9a3ce2e60f5d0b73a36b84049361e779948b6a1e2,linkname.dir/linkname3.go=b5df860746671a5e7883d15794dbf943cf29049dfcf4768361865ff81f923b83
