# Sprint: #150; Story: S150.1; Story-ID: a136a527c0b3
# Authenticated 150.1 `rundir` packet (manifest sprint142-leaf-packet-manifest/v4
# packet-150.1.json sha256 b96ea2d22eaf12cdd292acf3ef952cba9f5630e4ccd5d1a40a30d1a69e395bc5,
# count 116, root list sha256 d3d8a21766391f3d980745960ca4ba1ab9e7a5670d1ac84ee8ff0ff4ec3623b3).
# capability	test	action	sha256	selected_companions (path=sha256, comma-separated; - means none)
rundir-alias3	alias3.go	rundir	36a80df613d05ec5e5bb1c63d4a471c59097877860b28425f4ca303ed405b79b	alias3.dir/a.go=2ce23b42531f79b8d0e18cd3d6fc402fb9ea1d2077a1b8183df27b67afdd1b33,alias3.dir/b.go=772986a14da50b3fcce2015748a7f09df93e5e8b20dac8357c9667b5067358fd,alias3.dir/c.go=105b569e9e7ab51f447a744a9c90fa65eaf716e2507ecf2fc8929aaf2869e1b4
rundir-ddd2	ddd2.go	rundir	b24df2fcc3aa96d0b87510dd5648a90adeba42e1fdaa2ad7ccc414f94cdef3c0	ddd2.dir/ddd2.go=41e9feb988affe17fabda3c9d369e0c3297a1b3319c30d9db75de15edfc17f40,ddd2.dir/ddd3.go=a05faec25cf2c671e3240c0692768e9b5480ffc0929d53e6d4cdf326b59f3752
rundir-dwarf	dwarf/dwarf.go	rundir	46d71215a0eb64dc552f61c77fc6c470367be1cf106178efece1a63067649444	dwarf/dwarf.dir/main.go=3c2228a15e049b37a7a5adf2653da6285c61c801bcfc562b5c585c86dfc5205b,dwarf/dwarf.dir/z1.go=4123a135f28e2fd34ab8f7b6aa7a5b276dbbd9685fc95ced6fd088ec925eb36a,dwarf/dwarf.dir/z10.go=ba59464aa3a8f3401a5e1c1e171406fbba4b20e963a5f5a10f4d51e2df5988bf,dwarf/dwarf.dir/z11.go=0ad32efdf5699e4de36b2900f3920f2cebb583d4501be84bba4592022e61abdd,dwarf/dwarf.dir/z12.go=5091a883e9159540837bce7a90c895222183c672df188aa902906a36ad7c037d,dwarf/dwarf.dir/z13.go=5318a57be020511a56fc82a981b4050808af5a9494b1e103d1ce0d0f36f94038,dwarf/dwarf.dir/z14.go=ea22c2e8723e62e0bfc2619487ae402efd29a789c44e1f996a6e1c3652bebd3e,dwarf/dwarf.dir/z15.go=fcbfa084de877c98ffff03d31ac0eb7447798a92b020f440d96631ab65474187,dwarf/dwarf.dir/z16.go=a86f4941f2b4f462097a7a5c571f7c0eb07cc9c3d5009cdc9c6356c7d50edd7f,dwarf/dwarf.dir/z17.go=c6523a9e29ad93d204165bf266b8e2fcff17698aef18e047b0b0dff7e1467fbb,dwarf/dwarf.dir/z18.go=c52f56f67ef4a1daa75d9b140883b9cf2cbc1ada8b001897ef5d90b53448731e,dwarf/dwarf.dir/z19.go=5a3e8bfe697b73e7637a830eea30d4fdd7bc446b33cf25b9f22b47b2ff14dedb,dwarf/dwarf.dir/z2.go=f965f189b6ee69e9b03fe5a753385c6f719edc4811f985291725b6414c4b75b0,dwarf/dwarf.dir/z20.go=f3959c530d174b003a5dd8704ae41e6ced67146f10f5d960748770f6117f5c0c,dwarf/dwarf.dir/z3.go=a0ebf501ddcf1c370e34678fc5f6bdc8b9bb914840a7cd0e25bf7d93a63097fd,dwarf/dwarf.dir/z4.go=efef7ccedfe217ae638368f84fdf4ef650224473640c46c2ed143ca4e2ac0f46,dwarf/dwarf.dir/z5.go=12e5a9ce89d662e46721259053d754e0a79b8adc24307f9277b39de8fad23655,dwarf/dwarf.dir/z6.go=616d01a31187348d0729a988b6164755c45a76f3f944083a0d6fa312507f58c1,dwarf/dwarf.dir/z7.go=0167304f3583f85fa862c59dd6c47cce635849655330e55b70a3c204ebb03874,dwarf/dwarf.dir/z8.go=8fc9988c8cc72b426eb890b85f952619cabc4cfbf6fee58870cf654e8ba21bab,dwarf/dwarf.dir/z9.go=73fbdd78db5b8bd992e114444b0da40b16e45e30581e23b5e3ca0eb84f99ebad
rundir-bug160	fixedbugs/bug160.go	rundir	e2dbbc8f9bcd37f29d18e5b47dfe3dafb3190cb61b3926bbf8b267babbf5a9d1	fixedbugs/bug160.dir/x.go=5455c798b0d0f0412c1301f509b4c6a2e314860b7169e6772331120015852dc1,fixedbugs/bug160.dir/y.go=56f6bed17959d4a093dde99b11ed4de3795642ad811a8108a63c301d2bf12583
rundir-bug191	fixedbugs/bug191.go	rundir	e41e66b44921703a6a1c6ab9a5ba4866ecae90062c867ce2413c52351218e9c0	fixedbugs/bug191.dir/a.go=9468ebeb8a4e42535757e4e695176e4976c4a7c55556bfb7506245be60b858e9,fixedbugs/bug191.dir/b.go=4740039940b00a0974a0e4aaec82eb56a9065317bda30a1d9f2f9a00ea50ff41,fixedbugs/bug191.dir/main.go=fe9aeebf92f0c47ad73a0f77ddd1f733b5b4fe86610f54284e148d96bc1d48af
rundir-bug322	fixedbugs/bug322.go	rundir	e48a8007edde3b5f506456c39f639b01ea7c47b51f094bbb0e9ff7fd5b4ae363	fixedbugs/bug322.dir/lib.go=cd233aa59284e31317aa75c361439e8034f030799c9054180fe85cd25d8e4423,fixedbugs/bug322.dir/main.go=ed2e87ee61b8eddd7901e073b3aac8834b93231d46ac1b627692ec6cf8bf72fa
rundir-bug324	fixedbugs/bug324.go	rundir	5bf07d0b80408301c99fdb8b6f88b3217e795ea62fb9c6cbfb251a29938a7c08	fixedbugs/bug324.dir/p.go=ad2fd48ce832372b345e4f11c002dbcd7a976024bcb251a0b84d3a1cf44e0890,fixedbugs/bug324.dir/prog.go=6a44f87265d5b51355e09413e2d7c1d5774321d6b4fc184f65ccbb27d2016c98
rundir-bug367	fixedbugs/bug367.go	rundir	dda4cc0ccbc95670240e42ddfca9082d0c4c6286433f2a497c9851f90114c339	fixedbugs/bug367.dir/p.go=7e3bfe0219debd9bd5178e2b8baf40d91bb3f8d46616464b999a1ca76b62524e,fixedbugs/bug367.dir/prog.go=abd073e1780b3011c92b54f8f4f187a237b373d4ee15be4406a312b63ceb571d
rundir-bug414	fixedbugs/bug414.go	rundir	d05090fe102e1676639de2e139d5fc4dcd0da17e2b9f6edaa3c9bf476f7b5363	fixedbugs/bug414.dir/p1.go=16d432dd78437e051f34485af84fcee2146cb39a1b317272ee47f8a35212b322,fixedbugs/bug414.dir/prog.go=98d49daf851d221770cf488c68b255e6c02219d5f2e1e8e6884a9516def24764
rundir-bug424	fixedbugs/bug424.go	rundir	be8c908c0ed2b08f323307a73696c1ecdb68e18f78322f6aca10a22c231830ce	fixedbugs/bug424.dir/lib.go=df0190796f1af7232472fc596654a78b983bef3a54de6dbf1cb5b1b22a147704,fixedbugs/bug424.dir/main.go=245368658105d7c538a0429c327bf47c0e665c94c3c5f619ee63d0655e03cf31
rundir-bug437	fixedbugs/bug437.go	rundir	5c3739b8fcb86408e113530121862ce2d1ff5cf4232f93140395ce19af1194b5	fixedbugs/bug437.dir/one.go=8bb29e10d9f57d1e63479b792feaec2c942b7047bde7cd5d1474908da5dfef38,fixedbugs/bug437.dir/two.go=3c2193e47bb5093fa61db1934ba87ddac42c5abf903591f7d3f727b96e1461b7,fixedbugs/bug437.dir/x.go=26b9d8d16ca3371eba5576cc06801061ac1c24c88e5700389960d68339283994
rundir-bug465	fixedbugs/bug465.go	rundir	395ac19df591f240ad5bd1c4abd4dbdb1943264edd0bb2f9b5baf0aacfdb0501	fixedbugs/bug465.dir/a.go=700b0558ce514a66dc2adb654c24c758cfebfe472df2b560caeadb8c31a7effc,fixedbugs/bug465.dir/b.go=cf7fa8255d6350b869921b4206d4633196998723ad52154b05cad3226c579ab4
rundir-bug466	fixedbugs/bug466.go	rundir	00122f891962ca95abe2a7fca33ce547ed0192d9b5427a164d220b4f2afaf552	fixedbugs/bug466.dir/a.go=11ca22e7a894a3e1ed18e392496d536bd74fa136d64ee844f8999f3742ad758c,fixedbugs/bug466.dir/b.go=f73bf87b98273123ccf3dba444fc29ea08de9dd5a733802e8757b83ed49aa536
rundir-bug468	fixedbugs/bug468.go	rundir	d93dd5c67bb87d77d93a3d23d2552872805d4eaa3b3fd39b81a5785f8cd4ef03	fixedbugs/bug468.dir/p1.go=5078f84f80348bd9266e9234be6130361a339bfec5b85980d16a10c8c0d828b3,fixedbugs/bug468.dir/p2.go=449c63d381a71d647bd95929aa23599a22a89cbc3cfaafb204d4e32317737c64
rundir-bug472	fixedbugs/bug472.go	rundir	ceec0fcc5ee016db7d505e976ed66967753284879625e4727390fb7b8dd1c779	fixedbugs/bug472.dir/p1.go=09bf27314e9a1b01770ea33ca56b8700651ace7ac7470e280cf9c68909d2b891,fixedbugs/bug472.dir/p2.go=0b07afebea5e704358b4acdfbb4f005581ffc8d7f26069a06bc2fba9751e8220,fixedbugs/bug472.dir/z.go=a61f1492c1d337909556b6a22d448fb71992d4d1cfc85bc5409d3900ca612e74
rundir-bug479	fixedbugs/bug479.go	rundir	098388ce7098184c30b87fb4b1c21b5b697c0676dc3d13e36521780120b8b5a0	fixedbugs/bug479.dir/a.go=cacaaba22a4a09035593894e9e37b96ca0b0b144240952f74a021fb1f8f2523b,fixedbugs/bug479.dir/b.go=b791b1a6fb068d9827775ffa5a6ed119bf236e4a3bf3d99707b229cf3bb385b0
rundir-bug492	fixedbugs/bug492.go	rundir	ec2233bd6c416fc301a7b790cd30094c3b5f07d749a40dbbc1bbb1c4f4f69c81	fixedbugs/bug492.dir/a.go=fa9a141d151757f665df7096d8cec63a100c6272002e2cd610da2350cd1716ca,fixedbugs/bug492.dir/b.go=2c2534ad0e33302b7aa027fd7f9762aee3e8954eab111f19e6e788ded04ebbbe
rundir-bug506	fixedbugs/bug506.go	rundir	fdd635334d74fbbfe1c7b6091217625c30a0ec82a81e03867131c03610feebb6	fixedbugs/bug506.dir/a.go=32534f62ea6c0bec61a83d3dbe9baffc802b28a84a9bf4ecd999f9c0af70a2a3,fixedbugs/bug506.dir/main.go=52ccc31775ee0c1c33f7cf29fc07aaef3fb334750efa1ca25263dc21f6d4665f
rundir-bug510	fixedbugs/bug510.go	rundir	8b49c9d493fdf7ec2f64773e843317fdad6ef20eb51109871d8c9466180a2a52	fixedbugs/bug510.dir/a.go=c1e4f1e80aef4803ce4b15e99ea1730d7139593cfd26196e328be3318f452d00,fixedbugs/bug510.dir/b.go=c011b423fbbc563d9b5d6c525b8d1c1c10d6a8941edddb42b70beb33686cb0f5
rundir-issue11053	fixedbugs/issue11053.go	rundir	cbf586ac8ec3863cad72ce716bd4c745b4d2b4e840835b8527586dbd3fdcb92f	fixedbugs/issue11053.out=020031ff3894b90e844a5e2cbd515179c411d3f34f59d13274bac6c830a1119a,fixedbugs/issue11053.dir/p.go=f05bcf7a0e7afef2ead688f506358a9262637769b3bdaa9f74fb21b487768aa6,fixedbugs/issue11053.dir/p_test.go=791b16fa195ac90b2312e635e55196b665b96b82cae4faed3af0a88e8d3d04c3
rundir-issue13777	fixedbugs/issue13777.go	rundir	cc5490133572f694b69b84417950be9b40db51e3bbe29344b77332651a872bd8	fixedbugs/issue13777.dir/burnin.go=3f911979d5ae947b6b8f7c23f76063c4332ff46d2946815e75c15791b196391a,fixedbugs/issue13777.dir/main.go=4a937c4886948c31a37155ded0d78deae132995b760268225cb0918419d1857d
rundir-issue15071	fixedbugs/issue15071.go	rundir	981d96ffeca48c0c85e4b8356b06256841f4ec0419c25c3c28226dd3f95742af	fixedbugs/issue15071.dir/exp.go=06e42a20e8710a281fd2877a769973e7fa13bcdcfc1265017820398c428363c8,fixedbugs/issue15071.dir/main.go=e8f18b00dc7289706034e4411ca61f5ceb3bd8728b15e12daa19e0bd42161c73
rundir-issue15646	fixedbugs/issue15646.go	rundir	bc7ac1008bfd0b0c480cc8104c223a57c4c26790beb3ba1a7be5dcb9924b12b1	fixedbugs/issue15646.dir/a.go=21baff0f8b38a4906cc710c8d1d1c08b717ef4038c8b749f2c74942b5812c61c,fixedbugs/issue15646.dir/b.go=a2b2b4d4e8532a809203c15891e4c6faf43ed6efdf270831c1fc11b75decd377
rundir-issue18911	fixedbugs/issue18911.go	rundir	6a3989074e1520dcdf4242d934b27278a18f6699ba9e29b36ecfcc77700d6690	fixedbugs/issue18911.dir/a.go=a77060c84c61816772ed420584cd1c04aabc8e8e8406b0b3491be633f2165758,fixedbugs/issue18911.dir/b.go=0afdd11b91e58cde16842deed669fb8d369e8aa570b3993d59bfe0655d603185
rundir-issue19028	fixedbugs/issue19028.go	rundir	5991a8a1b289df226578f01fc28b3caea74549f1f6ee3a32c1b91ea3f0e46500	fixedbugs/issue19028.dir/a.go=4a332aef288565d21847ecff0fa2c78ba0d53654dd5f67e95449b63f9a329846,fixedbugs/issue19028.dir/main.go=4666b520e66c5db1d23fb2402f473b578626cfc658be7a425c95b6fccfdeb32e
rundir-issue19467	fixedbugs/issue19467.go	rundir	7e1aaae9aa576667a4cb17736abf88516d3c6f9d44a33b16bf2e7ac5edd5871d	fixedbugs/issue19467.dir/mysync.go=f18b6d24c1a092fdb69bc8131859434ef25be98e0a1e44db5d70d514240e1110,fixedbugs/issue19467.dir/z.go=40d3fe6f693d707b3e4f68a72a52708524e62da0aa026cefc58e822be31d8a11
rundir-issue19548	fixedbugs/issue19548.go	rundir	829a826c07b0b77039f9642ae2a065934baa4fde9253147953997bf3ee6b665a	fixedbugs/issue19548.dir/a.go=b2c3b46486f8b65589d71e3f7d097379e908396846637f5cadfab6472e490e4a,fixedbugs/issue19548.dir/b.go=0e64aff95a52f5c6cbba766b68282caf1e54a0fc31e325388852381d19b65d21
rundir-issue19764	fixedbugs/issue19764.go	rundir	90dd411669d2b97ecd7844493b2184b4929a367d5ec99efbd332435b791708fd	fixedbugs/issue19764.dir/a.go=f4a3efde40dc79d58a710f0b2aa3781694373d0a9f53f40ca7c76dcde6000cd9,fixedbugs/issue19764.dir/b.go=e5f88f89ba5a8a547496d84c2f5db72c680bf83c0103dd82a0a519e994abd71a
rundir-issue21120	fixedbugs/issue21120.go	rundir	9646a7d6dd60dcc3acfb2e81696ab889b7899f557c81746c9fa6d140872ae27d	fixedbugs/issue21120.dir/a.go=ae2db3348d8a0c062582fd8dffa4f14653d8d534fdb323888bd90b2aa7592e5b,fixedbugs/issue21120.dir/b.go=06c2e97c8be18ac808032d2521d8c3fccedc3d1457cee91945e2c3616448af33,fixedbugs/issue21120.dir/main.go=883a7f596e5c19ebe8c4780df639215d6687c187041f5bd44ab47e40faa18529
rundir-issue22941	fixedbugs/issue22941.go	rundir	36a80df613d05ec5e5bb1c63d4a471c59097877860b28425f4ca303ed405b79b	fixedbugs/issue22941.dir/a.go=6ca2c3e83083f284471cf8eefa04e8843156f78f08f2186844f7ac8eb93290fb,fixedbugs/issue22941.dir/b.go=2a715712a8b63e1e8a37e92cc3d6e192e08a5a37f0cab9208711742ddc2d4c48,fixedbugs/issue22941.dir/main.go=beb48964f7d6b68efda3ca392e65cc77cd654e6aab315a6da17f59a0d7d95a8e
rundir-issue24693	fixedbugs/issue24693.go	rundir	ecb2be2a933c8096becbcd4e88a5ed9050f37fec2e783ffa4a7a8a66e485f7db	fixedbugs/issue24693.out=9256c4df6c9bdf77305f44a5d25caa4387eb979a8508d007a2353f4a8a7764df,fixedbugs/issue24693.dir/a.go=9c332054db7ad7264cb5079996b0f8c2a4750639ffda807ef8c971c73c168a57,fixedbugs/issue24693.dir/b.go=a412c17f8c8d7df642572d947a21c673bf0ba88f3661ebfb611c78b67cadf7f1,fixedbugs/issue24693.dir/c.go=993df05f3d0750d5e59ba0a47a6ec9657a30185f4dd69b408450b71620ddd404
rundir-issue29610	fixedbugs/issue29610.go	rundir	b54510daf4932bec36ca01e394f9ccf4822582f62ae434bd2d64488d3e523c0a	fixedbugs/issue29610.dir/a.go=43a3bd70239cc31ba1f4db3470532bd077e9c576529a90345b9e91e80a21944c,fixedbugs/issue29610.dir/b.go=21942afe8384080803ecd23eef3381c45dcf29432623923e593e066fe12f373c,fixedbugs/issue29610.dir/main.go=9728b7b3793254b3631e5c45626cdb66573af5cfd308f2195aa254017b1efeae
rundir-issue29919	fixedbugs/issue29919.go	rundir	4d7467b8f4b8d5084b60bf42d3c3049dd3e6cae1a255969cad12ba8afab0ec96	fixedbugs/issue29919.dir/a.go=a907832dee649c7b2a47d4afe4bba327b8c556c9fc22b4287a6a676fdef08aa9,fixedbugs/issue29919.dir/main.go=4c13c7438e2dbc27bb17b678a3ad35c575f801acf03f0ac4e41a0597b71b0882
rundir-issue30908	fixedbugs/issue30908.go	rundir	d2611c8ea78191706774e23ed615b7c4d7e48c5992e4651864077e2d4b07fea8	fixedbugs/issue30908.dir/a.go=6eafa5ca242f2cf3d7effb5d71850b819ae07d9587a1f2bb17c7348150fb158a,fixedbugs/issue30908.dir/b.go=c9da1e1edb629a6a9df9bafa9da17006b29028110d95c204a9b7fdd930af3b01,fixedbugs/issue30908.dir/m.go=a42922ac9ddd471de7949903a71a1362c0c89ac2df2a7853e959687b6b017529
rundir-issue31636	fixedbugs/issue31636.go	rundir	981d96ffeca48c0c85e4b8356b06256841f4ec0419c25c3c28226dd3f95742af	fixedbugs/issue31636.out=880553fca8fcea94e325ee2cfb48e5a985cc797f39a14cc6d3cedecfeb2ae4d2,fixedbugs/issue31636.dir/a.go=77a099a8307a81584e13f52a6c90650c8356ecfd003074e0be32bf65421917a9,fixedbugs/issue31636.dir/b.go=347572cb0d67215bccbbccaf6a718f50f0f7fa02a1e2daa277db5f624bc8b792,fixedbugs/issue31636.dir/c.go=5781560cc3f39b81486143f4959f296d65f2b2d90358fb1d9a192435a4c0d3c0,fixedbugs/issue31636.dir/main.go=d6fe1bca930258aef86108842137a3fb8aa518ec45721becb977af5cca958243
rundir-issue31959	fixedbugs/issue31959.go	rundir	981d96ffeca48c0c85e4b8356b06256841f4ec0419c25c3c28226dd3f95742af	fixedbugs/issue31959.out=43ef7d9945b669ef65804ecb8d1791bff6298d774907dce94c91c6c94b17ae64,fixedbugs/issue31959.dir/a.go=08fd81a48318ebd73edbc87f04594e11652875698caede9a6e0beafd40718ee2,fixedbugs/issue31959.dir/main.go=87a5e8fbdfa2af88aec70138868411c6590579304229ee748908cbf49dc5b067
rundir-issue32595	fixedbugs/issue32595.go	rundir	981d96ffeca48c0c85e4b8356b06256841f4ec0419c25c3c28226dd3f95742af	fixedbugs/issue32595.dir/a.go=904dcf93fa8a6de8a36839e7a514a1418ea45588bd0ab0b570941e1650373756,fixedbugs/issue32595.dir/b.go=6a557ee6b392448242af96f768d31a6eae87aeec588842eda6011c179f84afa4,fixedbugs/issue32595.dir/main.go=0f5d8b3cfbcb8331a3096fce110c848168975850091d01d7019f7f37e87531d7
rundir-issue32901	fixedbugs/issue32901.go	rundir	41eaf70d80fb07545cebf40e065672b95f0b791b958954c3fc9ff7b098e758af	fixedbugs/issue32901.dir/a.go=78a8128a73797c3eb82280c055b10efa915607d00142cf3f237dd849eee83931,fixedbugs/issue32901.dir/b.go=dab555807082882f0aaa4715c9826ddbc6a4f7a13ea54ca0e15fc89118cb02b7,fixedbugs/issue32901.dir/c.go=28ce70fcd7409dc67ef362eafb7e165af0305fd6d1d72acce498e663799f2595,fixedbugs/issue32901.dir/main.go=edf94dab64d4f80746dff48afc67809a55b4d5fb3e2a825fd01bb1df19c9b776
rundir-issue33739	fixedbugs/issue33739.go	rundir	a45e762dd6cc187f02246f5d1a56f6dec69ae28a6b1cb9abc08c5337101dcc6c	fixedbugs/issue33739.dir/a.go=c3f8b24a357794654afdc4f5760d42bf1e6d5b6e2a017e1164e4de9770281332,fixedbugs/issue33739.dir/b.go=8e2dadc4d52c1f509bb90b1a7f67194e3a198e91e6938524d495257a7574624b
rundir-issue40252	fixedbugs/issue40252.go	rundir	fb9ecf9ffbc66306fd0740177c94670afd1625553966b0d7fae3bec3cab7347a	fixedbugs/issue40252.dir/a.go=324c57bb5a02f60bb587dcc545d69a5233b947f2f231754e6f4469b7837ad8e7,fixedbugs/issue40252.dir/main.go=d4cf5dd65740519999e78a963e18686c5e4ee0fee60181a225afe2e189d7454f
rundir-issue42401	fixedbugs/issue42401.go	rundir	74296b4732cfcb84d6a06a480b3c7d9597a862b4aeaf3a27d97e193ed8626e18	fixedbugs/issue42401.dir/a.go=72ead7ba2245f03715c314cdbe66abaecf6fdd9386db496f1d5fb2c070fe031e,fixedbugs/issue42401.dir/b.go=a608aab8bc56f907fa30b3572ab4abe54de5b9297027d01a82d1d47bd7e42160
rundir-issue4252	fixedbugs/issue4252.go	rundir	9a19c13b7d7318e27abf3f81538ccdc3d247283d91f72b3cf56d30dfa567d1cb	fixedbugs/issue4252.dir/a.go=c11e44dbc9daebca308d545cf74b5429c81ad4cf6853131d069daeef37d19ac6,fixedbugs/issue4252.dir/main.go=9e9b7476b9857c52bdc7c78864c907a900c2d97663c0e68f3a56bc5c40292c74
rundir-issue43633	fixedbugs/issue43633.go	rundir	a9479d7c22dbe82085d58f275f1d94aa1b9caab62b8d5507762a10a3696a4e4b	fixedbugs/issue43633.dir/a.go=772721ffac6c1c321356556732768e3a402e10e5412903127b1e60b2b782de1c,fixedbugs/issue43633.dir/main.go=a34cc67aeea2bd0655981c3b3ab2f1974827d337a5463e9f60eec9fb3fce222f
rundir-issue44330	fixedbugs/issue44330.go	rundir	72a3f1f11eca288fbc03ca1efd917570d889dba3afa816434a5ab33b3ecf485d	fixedbugs/issue44330.dir/a.go=f62c14ad484b8c9bdb031f41972bdbf3af3ad713a31ba36c2599361b4820b11f,fixedbugs/issue44330.dir/b.go=fc49ce0628b6e9ad9bf97a61b6c577e3d34960291726a827e7d7661dc948e771
rundir-issue4590	fixedbugs/issue4590.go	rundir	0013564174865f753bf26dd2592be4eb5af0b40f1dfc8d70aede00f4014c79e2	fixedbugs/issue4590.dir/pkg1.go=8107040e535257a8bff6267cb1369aae56616d11d4989442e43009f666039080,fixedbugs/issue4590.dir/pkg2.go=472e331051fdef08694b28dde05d67b8ea957da79af374bcc6e0707a8d502ebf,fixedbugs/issue4590.dir/prog.go=deb5299bfa28ec095441261c3b4c76f1e31d4baf3c31551314c85ca388f09de6
rundir-issue47068	fixedbugs/issue47068.go	rundir	981d96ffeca48c0c85e4b8356b06256841f4ec0419c25c3c28226dd3f95742af	fixedbugs/issue47068.dir/a.go=2606cea4b310e5023441e790b0e7557b63ae1a858a7872462551d1b2e1ea1307,fixedbugs/issue47068.dir/b.go=9bad783b22b73e1fd494381107ee020d3ef55cc4af0a0e65e3f5e13108d6593a,fixedbugs/issue47068.dir/main.go=ac0f398781805904d802f8bf9f54efee57d8ab146baa58fbd6a2413fecd4b604
rundir-issue47087	fixedbugs/issue47087.go	rundir	a9479d7c22dbe82085d58f275f1d94aa1b9caab62b8d5507762a10a3696a4e4b	fixedbugs/issue47087.dir/a.go=61161dc5b2c51464db5e1b11e65399d98900b2fee72b1fb7dec1c8092b91da89,fixedbugs/issue47087.dir/b.go=5bed4f75cd0df29b552915a70e5f81fe07125bbf6b4a3023142dcf1f0a3ddc40,fixedbugs/issue47087.dir/main.go=f0a3bd8ccbe65dec5c2a9afe20cf356965986a64db9a866265e5837794d78750
rundir-issue4964	fixedbugs/issue4964.go	rundir	9e25e3cdba02fc698c1aabf4480d2dcb393f948e4ea4bbdabc83a4e5fc0b278c	fixedbugs/issue4964.dir/a.go=5241b822d68808a000c6f2258c07f61256c04c9aead34bf1741c9a51b5c2e68a,fixedbugs/issue4964.dir/b.go=ded4ebc1805675dac5f6eacb41a7224805f6e448790711e582205a32c9115cab
rundir-issue5105	fixedbugs/issue5105.go	rundir	d903fa1c9524fce19e7da02fee24362c5446aa45fd333d167a9456fbca0b8b38	fixedbugs/issue5105.dir/a.go=196a1377bd8e755089127f1e5d9ada1747b2ba8cf6cf741be14f9870da51b289,fixedbugs/issue5105.dir/b.go=19dd89c67e51077bd79bc24b04a7364b4a858335eabda99b9f798f0f66f76478
rundir-issue52279	fixedbugs/issue52279.go	rundir	c367e24723070d9d4b38599e0b89ab697cd10cc4f07b3d5afacc0c182e789a89	fixedbugs/issue52279.dir/lib.go=d614a0b2edf03dcffe67caf0695aa402f0ff94c0169051127768bcad2d46cf8e,fixedbugs/issue52279.dir/main.go=1f50909588f40cbfec61d3ed1f3f3ac439bbf1874ea2f9efd8982155b678f192
rundir-issue5260	fixedbugs/issue5260.go	rundir	fef21ea7244ca717d0cf781678e3efbe5f3828e95ab1ee2b65696be355cf43fe	fixedbugs/issue5260.dir/a.go=bab817ae087126cbc63f523fc15aedd72145db23ca04e04771183b6fbc53f2d3,fixedbugs/issue5260.dir/b.go=58f2fd8b7f1bf1dc8d0190ff44c90be9922e42d57db1f277b2d0db126d2fec5d
rundir-issue52856	fixedbugs/issue52856.go	rundir	dd983fa0e214e4807adc59575c6d7706fe97bd18df3cc077429eb7cbf3694d5b	fixedbugs/issue52856.dir/a.go=e6fd99f9a238adcfe3886b84ae7bb7cf0f2b086c17403798605c90ed5cb3a168,fixedbugs/issue52856.dir/main.go=0daeacd0d02d4f13cfbfbb620e4dbd66fa6ec008b4b5ca67529f2ebdccd531e1
rundir-issue5291	fixedbugs/issue5291.go	rundir	11eea50c336c2ec9266174df82f310876ab29805303913fed73f05f69c61d62c	fixedbugs/issue5291.dir/pkg1.go=2e21abcd763a8d351cc18396e15e139403095b5f3d993fc578d40fa4c2015c02,fixedbugs/issue5291.dir/prog.go=1d5d29c9d71113e0dc19d0570030bbe9ac9314ed556d14d675e3e7221cde5161
rundir-issue54912	fixedbugs/issue54912.go	rundir	c367e24723070d9d4b38599e0b89ab697cd10cc4f07b3d5afacc0c182e789a89	fixedbugs/issue54912.dir/a.go=7950f35041dc2360c9f020725a9cfa1aec747b6d51b93db9ae62aaab43b2987d,fixedbugs/issue54912.dir/main.go=7b6581dcbf393affb4295935587a9993c1b6ca5bc7e3daa9bbba429ce96b1aed
rundir-issue59709	fixedbugs/issue59709.go	rundir	66b43cb4bcd213be6cecb1e6fa8bf4cb31d9557994073d00a14d6dab5f2cef50	fixedbugs/issue59709.dir/aconfig.go=149ebae40944f7f486ef68953601e867296d805775b17d1985958c79567b0add,fixedbugs/issue59709.dir/bresource.go=352fcc29e58f0950881e3075ef6fe7af2398c9a43c54e45655cae0e532012327,fixedbugs/issue59709.dir/cmem.go=521e130e974882649fd52c2c39facbd1514599551861a0ef4a9b301bd212164e,fixedbugs/issue59709.dir/dcache.go=a2dce729428702a522b32a008369760a7279b6d425826b3d0e9aa3fc8b221873,fixedbugs/issue59709.dir/main.go=67a403d0dd4e4558ba64b344b2e1a5c2832f667a2af0d1f5ad7e8262fe9caa5c
rundir-issue62498	fixedbugs/issue62498.go	rundir	66b43cb4bcd213be6cecb1e6fa8bf4cb31d9557994073d00a14d6dab5f2cef50	fixedbugs/issue62498.dir/a.go=8fe67f1f3a16e7c2424ea08352a4f2a89a057b8eddcce4fd7762ac363d7b840b,fixedbugs/issue62498.dir/main.go=456cbb9f24c2201fc1bcbb669e25c799b17494f3b2f4eddd294cf15528954f42
rundir-issue65957	fixedbugs/issue65957.go	rundir	8270787ce0db0479f0e383a2bb56d83c46781c653f3fc094eb5990cb7fd81012	fixedbugs/issue65957.dir/a.go=54f35f0da1bf6d16ae69d2dc507254887de0efde9b6fc9119ca83ef1894c74ec,fixedbugs/issue65957.dir/main.go=e4213163a3eaa4cf175895f3a3f7e74838382574d77114fe6f88ba109e81a6f6
rundir-issue6789	fixedbugs/issue6789.go	rundir	910e5e785447dff884ed9b3361f8c4cc4f2c0d663e8733439e630ca39404b06a	fixedbugs/issue6789.dir/a.go=0a97b00e1a9869522ba51ba5b8babe91256c2b11c4a8ffbfb851ceca84098f8f,fixedbugs/issue6789.dir/b.go=899c2fccfe61d2f7637c66311925aa9b4ef5edd3bcddc36266d66c8d38069461
rundir-issue7995b	fixedbugs/issue7995b.go	rundir	87e701328a235671b8044e63ff41db4bea7c2c24b1898d1060c7e90433940dc5	fixedbugs/issue7995b.dir/x1.go=1137135554c78e831379e7e650e1dc9ffe6385e718f10d45908a652f1db5c6b3,fixedbugs/issue7995b.dir/x2.go=3ea9d0eca4965f46d309ba01760b89b29dd9c725227c45505d0eea834b2bd7aa
rundir-issue9537	fixedbugs/issue9537.go	rundir	7c07a5d73959637633c30a95108ccc276e42f21a264dc9d7c6da6c9ea260d5ac	fixedbugs/issue9537.dir/a.go=1f4f087811e8a69c960d8811e4ab80d80d6454b6071fa8eca3d12d2b7949aa4c,fixedbugs/issue9537.dir/b.go=c582cfc14ee768be3c680cc0065ebe40074b3ed5b70ffed8ece250fc53f3c266
rundir-issue9608	fixedbugs/issue9608.go	rundir	d4f066a4e2c66abcb5231600064412f957587ff1a1938ffdb155215682a7b344	fixedbugs/issue9608.dir/issue9608.go=7099d1ccdb384ddfec11268a6101f1bb9680215706b9e1882948d23b551e693b
rundir-embed1	interface/embed1.go	rundir	6e7e02663e2e744c16c7525c4ebda5f210af8a86308150c6ac74b58f41770339	interface/embed1.dir/embed0.go=01abb4d62be4e6740cb505be3495ffcabd918f445a9fe8725c14e4ae2f575bb3,interface/embed1.dir/embed1.go=f15f66db8b2d208972dc7a4f313cef914ac2bcafa0c037be6306abfe30b6c5d0
rundir-embed3	interface/embed3.go	rundir	981d96ffeca48c0c85e4b8356b06256841f4ec0419c25c3c28226dd3f95742af	interface/embed3.dir/embed0.go=4a5c7c394b1f84113c156b9ab49e6ac990c4631d96a32a68892fa1cb53ca1b65,interface/embed3.dir/embed1.go=9cf45b629f2c46dff989d69450197f86eac130a2f927b1dff8efab0c34604a82
rundir-method4	method4.go	rundir	076754af8e58de02674b59f6e859d6140f952ad78dc821f0b32a3c70ab74158f	method4.dir/method4a.go=c2331a0714dfbffb285cf8cf8e75d3272b29c0a8fdeb6f1d478d20f81d2899c2,method4.dir/prog.go=68548514fc4041a6b8ea54622810b964f603c76d8e475e1260559929c4da6da2
rundir-absdiffimp	typeparam/absdiffimp.go	rundir	a9479d7c22dbe82085d58f275f1d94aa1b9caab62b8d5507762a10a3696a4e4b	typeparam/absdiffimp.dir/a.go=3d3c7ff017c748e41d95a8a3cc92a488d73a7029eb70d69cf05ec88ca288172f,typeparam/absdiffimp.dir/main.go=5e222953a2c92c6cbb689cfba4927917ba5aaf44960ca8e23a0c554164d2957b
rundir-absdiffimp2	typeparam/absdiffimp2.go	rundir	a9479d7c22dbe82085d58f275f1d94aa1b9caab62b8d5507762a10a3696a4e4b	typeparam/absdiffimp2.dir/a.go=00ddcd0f3d611c3dc98246a18694d40a22e00941ec4350947b9a790d4d6f35cb,typeparam/absdiffimp2.dir/main.go=219580ca8068e7ebb5da265b56656f5526bb490d69c96802da557f0d01f2f482
rundir-aliasimp	typeparam/aliasimp.go	rundir	a9479d7c22dbe82085d58f275f1d94aa1b9caab62b8d5507762a10a3696a4e4b	typeparam/aliasimp.dir/a.go=878bcdec77ad9dae724c04493a73c4b2e1a3d822629e1194be223d488e7f52f8,typeparam/aliasimp.dir/main.go=e3739692b703baa6bdadbce1d7a7da4583de32ce633ced44a959edf9810de5b6
rundir-chansimp	typeparam/chansimp.go	rundir	a9479d7c22dbe82085d58f275f1d94aa1b9caab62b8d5507762a10a3696a4e4b	typeparam/chansimp.dir/a.go=d4b02b6adb2b99bdf808bfaf764e6370be27fafec02cb283ee1db4273794460b,typeparam/chansimp.dir/main.go=8274c08ae12fa3d813910b3b914c1e891168ce9521fb6efa6bca81e104064e75
rundir-dedup	typeparam/dedup.go	rundir	26238b8e57489ab613d5053aa9435948813268e8f018e38b3f07487f284f082c	typeparam/dedup.out=a8c8704687490f20e1992b9d6a9578237617ebd0894ee14f5682acea27e3845a,typeparam/dedup.dir/a.go=e0bcb2bb375c61c0d851249500f5b651fa6dde55bdab212feb28f800e1d25e8d,typeparam/dedup.dir/b.go=026ee63018dde8f24115a839334be35ca79f71045c92e20b827db13c063a8086,typeparam/dedup.dir/c.go=7eb14acc6947e1279ee19be1bfa8c17a30d334c23ab4ec0fe857f4ce3a2a6cab,typeparam/dedup.dir/main.go=2bf03fd2bfbeaabf66f57bc097a10aaeac76f7d8cbf33273ab6de7f8c58a214b
rundir-factimp	typeparam/factimp.go	rundir	a9479d7c22dbe82085d58f275f1d94aa1b9caab62b8d5507762a10a3696a4e4b	typeparam/factimp.dir/a.go=fe03f6da7cd40c0fe74cd2a24926539e09e37d6cef8ff3730a36a78bbdc2b898,typeparam/factimp.dir/main.go=0956fe27434e3e606985b0b074e6b67f7a398bc82b3f9eb655383844702aebaa
rundir-gencrawler	typeparam/gencrawler.go	rundir	5f73f7b907dffc25165ede952a21911cca343aeff75da25673530e5e4363b897	typeparam/gencrawler.out=52f96c26a39ed25108a6db43d6e11c6051eba8a498a5baab1891adfa7ac7c262,typeparam/gencrawler.dir/a.go=30189b9207fe2523933af6a893f64e88f0a2a043bcad9dedf25c7375a456623f,typeparam/gencrawler.dir/main.go=8c69ba28d701c58b89afe0b07cf38d77c26f69650da88c9926bd977df309a000
rundir-geninline	typeparam/geninline.go	rundir	a9479d7c22dbe82085d58f275f1d94aa1b9caab62b8d5507762a10a3696a4e4b	typeparam/geninline.dir/a.go=6339ebce910c05162d7c5d3c5ad19dae036499facc6780353b19ab12f5c07913,typeparam/geninline.dir/main.go=36ca91d001e6f6e03d469cc0ab3d8a6a50cd0eeb6af33652f2cd69296d84cf23
rundir-issue47514c	typeparam/issue47514c.go	rundir	a9479d7c22dbe82085d58f275f1d94aa1b9caab62b8d5507762a10a3696a4e4b	typeparam/issue47514c.dir/a.go=c725f95df30fe221b7f23e35c1c7375c59fcce97c864bd1e2d2c9f21923217a5,typeparam/issue47514c.dir/main.go=c7561752879cfca646daa5c385bb640ce4d3055fec030a91d6bbf52be4dca386
rundir-issue47775	typeparam/issue47775.go	rundir	a9479d7c22dbe82085d58f275f1d94aa1b9caab62b8d5507762a10a3696a4e4b	typeparam/issue47775.dir/b.go=226067efa013e656ee0440f7dedc66047eb010928e8bb144fe20b4f25c24b79e,typeparam/issue47775.dir/main.go=622c70f9a39e9d1c6eb24d2790e69206861b3257effe87e596985bc7497faae9
rundir-issue47892	typeparam/issue47892.go	rundir	3360d2cfc7c41c001b43668cc83994eeec19d48786b6a4e3d79ff8cacfa60c29	typeparam/issue47892.dir/a.go=4007af7eb33518631e8e51621919bfb7a9bf7a060dd8f231aa05ea42b66c74c3,typeparam/issue47892.dir/main.go=0bb18a987cda828e3b918a44fce96f81a8bdf36db681d9bc454beefe6dfefb88
rundir-issue48094	typeparam/issue48094.go	rundir	a9479d7c22dbe82085d58f275f1d94aa1b9caab62b8d5507762a10a3696a4e4b	typeparam/issue48094.dir/a.go=e03b6b9cc1a50d917e660cb17e2a118405d2294b7149d813777edf0675f73457,typeparam/issue48094.dir/main.go=f25b74bf7769696889244162a567ceefaa7c44e5dcaf9e2d908844b7ca0e3185
rundir-issue48185a	typeparam/issue48185a.go	rundir	a9479d7c22dbe82085d58f275f1d94aa1b9caab62b8d5507762a10a3696a4e4b	typeparam/issue48185a.dir/p.go=36d2acb3581670c895cb3c73a7cddd63e9f04c46d898d8e44452ed5c3c3e0b5b,typeparam/issue48185a.dir/p_test.go=77d73ca951aae92c90da702561359217bec338ac47544fddf94e209afc7ff713
rundir-issue48185b	typeparam/issue48185b.go	rundir	a9479d7c22dbe82085d58f275f1d94aa1b9caab62b8d5507762a10a3696a4e4b	typeparam/issue48185b.dir/a.go=7e94db813767d34b44eedef5ae0b631d0c5eb112ef79152cf213933134bcd7d3,typeparam/issue48185b.dir/main.go=278b984669a408bd5919b222287f62463eee6c29985a9c32a1f058ad7a1de917
rundir-issue48280	typeparam/issue48280.go	rundir	a9479d7c22dbe82085d58f275f1d94aa1b9caab62b8d5507762a10a3696a4e4b	typeparam/issue48280.dir/a.go=41166508e89df6f4e6634843ecbc6242dcd5505413f842d46c367068cb87b8bf,typeparam/issue48280.dir/main.go=1f7ddb1f65e32a650845d9a108f771bc61df9aa505cc52dd0dcca0e87294c4bd
rundir-issue48306	typeparam/issue48306.go	rundir	a9479d7c22dbe82085d58f275f1d94aa1b9caab62b8d5507762a10a3696a4e4b	typeparam/issue48306.dir/a.go=85ef3d6d28d850835af7314499535d0b1bb2bff682073e4ef3ad743fe174a06b,typeparam/issue48306.dir/main.go=ee809bc50a48ce93766226ea44d91523b4326cf717d89913457515d1cb1de019
rundir-issue48337a	typeparam/issue48337a.go	rundir	a9479d7c22dbe82085d58f275f1d94aa1b9caab62b8d5507762a10a3696a4e4b	typeparam/issue48337a.out=47d8c40c97ed46bf435a518e371dbcd699775aca76f2fafd699e0b9fe90657b9,typeparam/issue48337a.dir/a.go=371ab642e592d56c78bd78d3ec2d54ccefadfa24a216d5988b25ee7e532adf74,typeparam/issue48337a.dir/main.go=fae02327a2974aec6c6023be08e4454c6108aa0f7269994954e70eef4abf6060
rundir-issue48337b	typeparam/issue48337b.go	rundir	a9479d7c22dbe82085d58f275f1d94aa1b9caab62b8d5507762a10a3696a4e4b	typeparam/issue48337b.dir/a.go=0202b811d2e980c1e7e083beec88bef711cc03afb137ce2321ed4049130292b8,typeparam/issue48337b.dir/main.go=7bc32132fb4abe2a7aab24fe920faf507736225eb4f8d715aeb62e6f4d33d1e3
rundir-issue48454	typeparam/issue48454.go	rundir	a9479d7c22dbe82085d58f275f1d94aa1b9caab62b8d5507762a10a3696a4e4b	typeparam/issue48454.dir/a.go=83d9399a10752ddaa92abeaad81d4277a4e9f39c73423d45e8e3ec0529d3cfba,typeparam/issue48454.dir/b.go=ec714ae83af40b9e90322ce6e639e99b79368c5c380a71fd02f18b56fb0de463,typeparam/issue48454.dir/main.go=59ea707fd8af8bb79432fd99b015da9571cf2d8408d2bf648371b45304f1054a
rundir-issue48462	typeparam/issue48462.go	rundir	a9479d7c22dbe82085d58f275f1d94aa1b9caab62b8d5507762a10a3696a4e4b	typeparam/issue48462.dir/a.go=5795d5bab59c51db78af4d1fbffdbf8a1dc844a3bfe71e7bef5a749d7d80c255,typeparam/issue48462.dir/main.go=ce31ad9e2e0b622a58d59af9ba084ec005bf71a64338db278edf08e4627eae74
rundir-issue48716	typeparam/issue48716.go	rundir	a9479d7c22dbe82085d58f275f1d94aa1b9caab62b8d5507762a10a3696a4e4b	typeparam/issue48716.dir/a.go=0056691b38b2d2f7d52274d3a3a1f3511c660d1fb544251375486afca57869c2,typeparam/issue48716.dir/main.go=f267206cc078e31987168384a56a028f333dac7775068fababca20d730e60d03
rundir-issue49027	typeparam/issue49027.go	rundir	a9479d7c22dbe82085d58f275f1d94aa1b9caab62b8d5507762a10a3696a4e4b	typeparam/issue49027.dir/a.go=1ef350120ca47697ea0a7b877cb4821e520f341b25241dfc8b00265e1c32a397,typeparam/issue49027.dir/main.go=d663c7c3a890319ad444174e06d32550520ab8b8f4fb78062f84a90e693b9606
rundir-issue49241	typeparam/issue49241.go	rundir	a9479d7c22dbe82085d58f275f1d94aa1b9caab62b8d5507762a10a3696a4e4b	typeparam/issue49241.dir/a.go=46df7a9c6cdb94ac8162c495b4bc10bafd545fd2e88ff49f42827f7a03e448e4,typeparam/issue49241.dir/b.go=88d12941cac5fb2eaa9f767f4482cd77c8c331d52fb3792a6962e6e953882ed2,typeparam/issue49241.dir/c.go=0b90e7d8d146915fdb85d02989c4fbb4d5f08210286ddf8fc137700e1855ce39,typeparam/issue49241.dir/main.go=064c5e224d5f8d44d2b320a415ddca5fc11561699030ad4ca5be5aedbac2330f
rundir-issue49497	typeparam/issue49497.go	rundir	a9479d7c22dbe82085d58f275f1d94aa1b9caab62b8d5507762a10a3696a4e4b	typeparam/issue49497.dir/a.go=a389aac60e863cc42939defb1e3f4c97014be0c5cf9834e61a3f9711ad4e28e2,typeparam/issue49497.dir/main.go=114b69f13d7478294faeae4388dfd65cd2ca714b01371d7ef25cbf0c861b442d
rundir-issue49524	typeparam/issue49524.go	rundir	a9479d7c22dbe82085d58f275f1d94aa1b9caab62b8d5507762a10a3696a4e4b	typeparam/issue49524.dir/a.go=29e60fbe7a8a3af562e3fa73820c0a1b10e640f8984afb150cdac69a52c8fa05,typeparam/issue49524.dir/main.go=dae8eeee330285dc8d5adb114758cf11b8ff08a0a7bbcbe61c2670e740dffb44
rundir-issue49667	typeparam/issue49667.go	rundir	a9479d7c22dbe82085d58f275f1d94aa1b9caab62b8d5507762a10a3696a4e4b	typeparam/issue49667.dir/a.go=db6cfc780a35c1a6b6f7099f3593f91ff19e68a9219adf5e502f51eb8c5c5079,typeparam/issue49667.dir/b.go=145bf9b6bacd420f3afeb6545024c6a3ab51fb1db26eaada64fe25c3db6e2f74,typeparam/issue49667.dir/main.go=6e8e76016306aa556abe93acb2ec18441f4b3d042d586c1b42f64a7d443978b8
rundir-issue50121	typeparam/issue50121.go	rundir	a9479d7c22dbe82085d58f275f1d94aa1b9caab62b8d5507762a10a3696a4e4b	typeparam/issue50121.dir/a.go=1f24a3e411564860557651a3acc04df76c03aac0d6819b48afd7bbefdb7e2f0a,typeparam/issue50121.dir/main.go=97ccc51343b4fae89a7f160974889f24a9f8d7e6691f2138e3e2009c7859c23c
rundir-issue50121b	typeparam/issue50121b.go	rundir	a9479d7c22dbe82085d58f275f1d94aa1b9caab62b8d5507762a10a3696a4e4b	typeparam/issue50121b.dir/a.go=3935b6ae0c9dddd161b780e2eeb44ae7e75d1f66f01ebe19e97927d14b1ec888,typeparam/issue50121b.dir/b.go=a2a8e0bd08dbc2c713379a306366facf77c3d9ce7a885df06a989796536f1ded,typeparam/issue50121b.dir/c.go=f1eae332d6c97122996e3e53cb0fda165a0bab98362764d7de8347cbb4cf4657,typeparam/issue50121b.dir/d.go=fc3b28fbc6b5238e5c786310953652c19bd1c6c12b1ec04099314d583313471f,typeparam/issue50121b.dir/main.go=30488a7810417dc0b992507695501174565950a1ee8787b5817a56529b300669
rundir-issue50481b	typeparam/issue50481b.go	rundir	c367e24723070d9d4b38599e0b89ab697cd10cc4f07b3d5afacc0c182e789a89	typeparam/issue50481b.dir/b.go=c1e3d56d8bdd4d061f7653895fa7550e713cbccbe0213e1c94d9581763d62d95,typeparam/issue50481b.dir/main.go=a5327e0175fcb50989af3cdd367c87c9f7696869979c509245eb741706319931
rundir-issue50481c	typeparam/issue50481c.go	rundir	c367e24723070d9d4b38599e0b89ab697cd10cc4f07b3d5afacc0c182e789a89	typeparam/issue50481c.out=9a271f2a916b0b6ee6cecb2426f0b3206ef074578be55d9bc94f6f3fe3ab86aa,typeparam/issue50481c.dir/a.go=769e170e19ff49737bb93a562f8244d4a8ce007df37935b72b592f5a9b18bc0a,typeparam/issue50481c.dir/main.go=1835107d1d60a57df7781ffb00b75f510490eb45e9650e28c4d4eeaf5eb35e1b
rundir-issue50598	typeparam/issue50598.go	rundir	c367e24723070d9d4b38599e0b89ab697cd10cc4f07b3d5afacc0c182e789a89	typeparam/issue50598.dir/a0.go=05311580fda408b1b6de769bd9518d28a45c8063883e9475be8b1b7cd3aa914d,typeparam/issue50598.dir/a1.go=d0b5120b25325aaf12e7a512d45a163b15898bc1e5454b2c4c7d9fabd167f86d,typeparam/issue50598.dir/a2.go=2044913b6638837c393c5e9ae903ebe816b5eaf6b22ac06e29470c6d17d22a70,typeparam/issue50598.dir/main.go=eb17d828f82ee10b501329c741b2b8842390bbca732055e764c71541841d7bb9
rundir-issue51219	typeparam/issue51219.go	rundir	c367e24723070d9d4b38599e0b89ab697cd10cc4f07b3d5afacc0c182e789a89	typeparam/issue51219.out=ca3d163bab055381827226140568f3bef7eaac187cebd76878e0b63e9e442356,typeparam/issue51219.dir/a.go=f27243d0cc736eb01b0395295322f421e67aa4765846568cfbf7203adec5aa39,typeparam/issue51219.dir/main.go=779f2388c70cd1834cfb2693785b50b666acd8f3eef473eea20e42848708626f
rundir-issue51250a	typeparam/issue51250a.go	rundir	c367e24723070d9d4b38599e0b89ab697cd10cc4f07b3d5afacc0c182e789a89	typeparam/issue51250a.dir/a.go=9c967007f151fb8bb0fa98745bc096de56070a7f72704bb4f7a401e1667f6647,typeparam/issue51250a.dir/b.go=73c939b03b550433cac8dc4261bf498977fee7521e4ecaf43fc54299f9c31a3c,typeparam/issue51250a.dir/main.go=8b1cb3d43baecb926b85051fe18033bdec2917f50bdc07dd64340b4eb058f533
rundir-issue51367	typeparam/issue51367.go	rundir	c367e24723070d9d4b38599e0b89ab697cd10cc4f07b3d5afacc0c182e789a89	typeparam/issue51367.dir/a.go=da9d3a4ec89bcba27e0d4e57920451a3605a7276eaabbcfe9f441b2452e224c2,typeparam/issue51367.dir/main.go=4899fb14d43d31c1cbc26035479193afcf64058cd5e4eed71afd0c1bcbc3cdc4
rundir-issue54302	typeparam/issue54302.go	rundir	c9ed39dbffb3893b11d2234e98fc48b0e86e8df2d745a2f3c454e82292510c03	typeparam/issue54302.dir/a.go=d9bffb11498819ef8c37610991a9d79a8f04d97752c28e857ec6e986af51b9e5,typeparam/issue54302.dir/main.go=08654e163c13936c249db17db9d5cee1d14f33cabad300b20c90d33ecca6ba59
rundir-listimp	typeparam/listimp.go	rundir	a9479d7c22dbe82085d58f275f1d94aa1b9caab62b8d5507762a10a3696a4e4b	typeparam/listimp.dir/a.go=5d445dd04cb59daf33b9e1c7ecf0117be65f3b9d808cddddedbda926f9c2dea6,typeparam/listimp.dir/main.go=853dd264cc4d4ec5caea030785ea734df4f468b528e86545e7f7c6ee694cdfb7
rundir-listimp2	typeparam/listimp2.go	rundir	a9479d7c22dbe82085d58f275f1d94aa1b9caab62b8d5507762a10a3696a4e4b	typeparam/listimp2.dir/a.go=9db12b9f18f3d9b503b334ad617628d197721592fa5f3caacabfc82de4690dbb,typeparam/listimp2.dir/main.go=37e06c3ce6fe11f43883a489a8ef728cd6d455b5542d4b86fa6a2fe95e63326b
rundir-mapimp	typeparam/mapimp.go	rundir	a9479d7c22dbe82085d58f275f1d94aa1b9caab62b8d5507762a10a3696a4e4b	typeparam/mapimp.dir/a.go=d9dfe22b24f37f9c13deba535fbf9d8678d90c19a8f3badb6ffdf599eedfa38c,typeparam/mapimp.dir/main.go=5374640d71e85320865712051c73795a107d26b07d580f74b9d2541b8088c95a
rundir-mapsimp	typeparam/mapsimp.go	rundir	a9479d7c22dbe82085d58f275f1d94aa1b9caab62b8d5507762a10a3696a4e4b	typeparam/mapsimp.dir/a.go=95841df474d97988175c90e8521fcf39c0bb90fea35b2cc09e2f56996af73bbb,typeparam/mapsimp.dir/main.go=0afa413f472c5146c543bb46fb4579ecaa3c94c12ea65be1f381fb7a3fdea029
rundir-10	typeparam/mdempsky/10.go	rundir	a9479d7c22dbe82085d58f275f1d94aa1b9caab62b8d5507762a10a3696a4e4b	typeparam/mdempsky/10.dir/a.go=22498fc086370c3b02f93ca5a4a24e3cbc4c9633d87e7bbf6930ff4bae8e0655,typeparam/mdempsky/10.dir/b.go=1a6d47d3dd8ddf8327dda2b19073ea4b2e4e253f9dcd9a23f63dddc0fa790624
rundir-12	typeparam/mdempsky/12.go	rundir	6d5a744d5a37faae8b1d55ec05272f29f1680d9c5cf301b8604eaf8b069bd245	typeparam/mdempsky/12.dir/a.go=5bd98b03c2c8c3bb137c8cb189351f4d02c03c0c6929d393f3f0422384a5894a,typeparam/mdempsky/12.dir/main.go=33b272c633000a049a5839d83fd04098ca5819b1f7f615b5106731525b01535d
rundir-minimp	typeparam/minimp.go	rundir	a9479d7c22dbe82085d58f275f1d94aa1b9caab62b8d5507762a10a3696a4e4b	typeparam/minimp.dir/a.go=fc647360c3a9cdef19a450e3eea38c1c207f7710b8925abf8f9bb1ffb389a8a3,typeparam/minimp.dir/main.go=5b4e81937a100b95562e4c2fc98df267f583d9a4d52e24332a76bec328b7d0a0
rundir-orderedmapsimp	typeparam/orderedmapsimp.go	rundir	a9479d7c22dbe82085d58f275f1d94aa1b9caab62b8d5507762a10a3696a4e4b	typeparam/orderedmapsimp.dir/a.go=589445f19a9cd902e0dff8f279213322e434bfd523b84f5cc4c2759ead989d4f,typeparam/orderedmapsimp.dir/main.go=91916c6764b01bda13befc9d63bec0ae0aa2c109fa78c96597924ec65e2ca1cb
rundir-pairimp	typeparam/pairimp.go	rundir	a9479d7c22dbe82085d58f275f1d94aa1b9caab62b8d5507762a10a3696a4e4b	typeparam/pairimp.dir/a.go=496cbd3c52c2201e393029686d56e33c47effb974cd59c29f66d09e4e15f57f1,typeparam/pairimp.dir/main.go=e67fcb193742625b3a89ad973dfabff7f293103cd0f30bacacd31e1e389d374b
rundir-recoverimp	typeparam/recoverimp.go	rundir	a9479d7c22dbe82085d58f275f1d94aa1b9caab62b8d5507762a10a3696a4e4b	typeparam/recoverimp.out=6c6624c7a02f680a4368d0d6e800a8b3752b95971554e04ead1b4879fa5e4ce3,typeparam/recoverimp.dir/a.go=dc3d82494047f471e4b64c54200a59696893227e859117520f79b4a1e2c53936,typeparam/recoverimp.dir/main.go=07083fbcdd742a49ab1edf9e661c78900834f9501826847c2bf99072876ac014
rundir-select	typeparam/select.go	rundir	a9479d7c22dbe82085d58f275f1d94aa1b9caab62b8d5507762a10a3696a4e4b	typeparam/select.dir/a.go=453a3dc96348cd82c4a1ac9b6e9cc7992076845a2d5ea0f5012d75d13a8284ae,typeparam/select.dir/main.go=1c9a5a38c09061deb875afc28c209ef00b91f9d906ef14f02ae4117fdaa5a0d1
rundir-setsimp	typeparam/setsimp.go	rundir	a9479d7c22dbe82085d58f275f1d94aa1b9caab62b8d5507762a10a3696a4e4b	typeparam/setsimp.dir/a.go=a39d6b6e7c3cf7ee4e2d10fe9b4cb0d3ca55f450ba2d1bb266ab50d189c4fdb3,typeparam/setsimp.dir/main.go=5ca93ee7821545ba0a5fdb1015e803277188a153b9ed5aaa645d9cdc7da0bb86
rundir-sliceimp	typeparam/sliceimp.go	rundir	a9479d7c22dbe82085d58f275f1d94aa1b9caab62b8d5507762a10a3696a4e4b	typeparam/sliceimp.dir/a.go=66302f6994624a51182b8a51f2845dd5592ff78834f6dfa0d125aee7f9cf5a1e,typeparam/sliceimp.dir/main.go=47815e06f712f2d8f1a892a6d3bd8770d72633bfcfb7ec0f03aad61a244448e0
rundir-stringerimp	typeparam/stringerimp.go	rundir	a9479d7c22dbe82085d58f275f1d94aa1b9caab62b8d5507762a10a3696a4e4b	typeparam/stringerimp.dir/a.go=6ffb0be9f7e6b520727873593ba4d8bf931b90fd86d4f599bfc8f2462940b176,typeparam/stringerimp.dir/main.go=5a07bfa752eeaa77e346207f8ef67094a8095dc66619d3281ce57dfa57aac2a0
rundir-structinit	typeparam/structinit.go	rundir	a9479d7c22dbe82085d58f275f1d94aa1b9caab62b8d5507762a10a3696a4e4b	typeparam/structinit.dir/a.go=ef7ce1e599173bcf5e160482605acb1bb28049fde3e956ce6cc128ffacb33817,typeparam/structinit.dir/b.go=a02fd9a4ae7f79c1c7be0c2ade15858abeb479f43813cdd37250608166c46c44,typeparam/structinit.dir/main.go=c097c0177d5f55c438de07da7adf337d7f41b2f7ebed83e5b6365ec7c09e4175
rundir-valimp	typeparam/valimp.go	rundir	a9479d7c22dbe82085d58f275f1d94aa1b9caab62b8d5507762a10a3696a4e4b	typeparam/valimp.dir/a.go=1576a65c8cb7bb053f74a5780f71040163633fb274033e052834434bc3f4c7a2,typeparam/valimp.dir/main.go=63e5320b249424bcb4bb35829be4efd469b63b36cc17a5ab0067929c8f4eda8e
rundir-uintptrescapes	uintptrescapes.go	rundir	81a5b33f16d83c3f47d57209807c449538eda04046028034ad14edf7665de889	uintptrescapes.dir/a.go=ecce4c074de9145c107940ed76ba03f2823add41b1970ed16dbfb63efe58f8c5,uintptrescapes.dir/main.go=59dc7bcdc3ed809f0f31a062aac836c3e76ff437923289f52d9b9f5df4361401
