root	mode	first_line
testdir:codegen/addrcalc.go	interpreted	linux/amd64/v1
testdir:codegen/addrcalc.go	compiled	codegen/addrcalc.go:13: linux/amd64/v1: opcode not found: `^ADDQ`
testdir:codegen/append.go	interpreted	linux/amd64/v1
testdir:codegen/append.go	compiled	codegen/append.go:15: linux/amd64/v1: opcode not found: `^.*growslice\b`
testdir:codegen/arithmetic.go	interpreted	linux/amd64/v1
testdir:codegen/arithmetic.go	compiled	codegen/arithmetic.go:64: linux/amd64/v1: opcode not found: `^SUBQ [A-Z]+, 16\([A-Z]+\)`
testdir:codegen/atomics.go	interpreted	linux/amd64/v1
testdir:codegen/atomics.go	compiled	codegen/atomics.go:26: linux/amd64/v1: opcode not found: `^LOCK`
testdir:codegen/bits.go	interpreted	linux/amd64/v1
testdir:codegen/bits.go	compiled	codegen/bits.go:20: linux/amd64/v1: opcode not found: `^BTQ [$]63,`
testdir:codegen/bmi.go	interpreted	linux/amd64/v3
testdir:codegen/bmi.go	compiled	codegen/bmi.go:11: linux/amd64/v3: opcode not found: `^ANDNQ`
testdir:codegen/bool.go	interpreted	linux/amd64/v1
testdir:codegen/bool.go	compiled	codegen/bool.go:18: linux/amd64/v1: opcode not found: `^ANDL [$]1`
testdir:codegen/clobberdead.go	interpreted	linux/amd64/v1
testdir:codegen/clobberdead.go	compiled	codegen/clobberdead.go:20: linux/amd64/v1: opcode not found: `^MOVL \$3735936685, command-line-arguments\.x`
testdir:codegen/clobberdeadreg.go	interpreted	linux/amd64/v1
testdir:codegen/clobberdeadreg.go	compiled	codegen/clobberdeadreg.go:22: linux/amd64/v1: opcode not found: `^MOVQ \$-2401018187971961171, DX`
testdir:codegen/comparisons.go	interpreted	linux/amd64/v1
testdir:codegen/comparisons.go	compiled	codegen/comparisons.go:28: linux/amd64/v1: opcode not found: `^CMPW \(.*\), [$]`
testdir:codegen/condmove.go	interpreted	linux/amd64/v1
testdir:codegen/condmove.go	compiled	codegen/condmove.go:23: linux/amd64/v1: opcode not found: `^CMOVQLT`
testdir:codegen/deadstore.go	interpreted	linux/amd64/v1
testdir:codegen/deadstore.go	compiled	codegen/deadstore.go:24: linux/amd64/v1: opcode not found: `^MOVQ \$3`
testdir:codegen/floats.go	interpreted	linux/amd64/v1
testdir:codegen/floats.go	compiled	codegen/floats.go:27: linux/amd64/v1: opcode not found: `^ADDSD`
testdir:codegen/fuse.go	interpreted	linux/amd64/v1
testdir:codegen/fuse.go	compiled	codegen/fuse.go:24: linux/amd64/v1: opcode not found: `^CMPQ .+, [$]256`
testdir:codegen/ifaces.go	interpreted	linux/amd64/v1
testdir:codegen/ifaces.go	compiled	codegen/ifaces.go:26: linux/amd64/v1: opcode not found: `^CALL runtime.typeAssert`
testdir:codegen/issue22703.go	interpreted	linux/amd64/v1
testdir:codegen/issue22703.go	compiled	codegen/issue22703.go:534: linux/amd64/v1: opcode not found: `^TESTB`
testdir:codegen/issue48054.go	interpreted	linux/amd64/v1
testdir:codegen/issue48054.go	compiled	codegen/issue48054.go:27: linux/amd64/v1: opcode not found: `^TESTQ`
testdir:codegen/issue52635.go	interpreted	linux/amd64/v1
testdir:codegen/issue52635.go	compiled	codegen/issue52635.go:22: linux/amd64/v1: opcode not found: `^MOVUPS X15,`
testdir:codegen/issue54467.go	interpreted	linux/amd64/v1
testdir:codegen/issue54467.go	compiled	codegen/issue54467.go:11: linux/amd64/v1: opcode not found: `^.*memmove`
testdir:codegen/issue56440.go	interpreted	linux/amd64/v1
testdir:codegen/issue56440.go	compiled	codegen/issue56440.go:17: linux/amd64/v1: opcode not found: `^MOVQ 40\(.*\),`
testdir:codegen/issue58166.go	interpreted	linux/amd64/v1
testdir:codegen/issue58166.go	compiled	codegen/issue58166.go:17: linux/amd64/v1: opcode not found: `^INCQ`
testdir:codegen/issue59297.go	interpreted	linux/amd64/v1
testdir:codegen/issue59297.go	compiled	codegen/issue59297.go:11: linux/amd64/v1: opcode not found: `^MOVQ AX, BX`
testdir:codegen/issue60324.go	interpreted	linux/amd64/v1
testdir:codegen/issue60324.go	compiled	codegen/issue60324.go:11: linux/amd64/v1: opcode not found: `^LEAQ command-line-arguments\.h\.func1`
testdir:codegen/issue69635.go	interpreted	linux/amd64/v1
testdir:codegen/issue69635.go	compiled	codegen/issue69635.go:12: linux/amd64/v1: opcode not found: `^SHRQ \$17, AX$`
testdir:codegen/issue72832.go	interpreted	linux/amd64/v1
testdir:codegen/issue72832.go	compiled	codegen/issue72832.go:17: linux/amd64/v1: opcode not found: `^MOVQ`
testdir:codegen/issue74485.go	interpreted	linux/amd64/v1
testdir:codegen/issue74485.go	compiled	codegen/issue74485.go:11: linux/amd64/v1: opcode not found: `^SHRQ [$]63, AX`
testdir:codegen/issue74788.go	interpreted	linux/amd64/v1
testdir:codegen/issue74788.go	compiled	codegen/issue74788.go:11: linux/amd64/v1: wrong number of opcodes: `^MOVUPS[^,]+, X[0-9]+$`
testdir:codegen/issue75203.go	interpreted	linux/amd64/v1
testdir:codegen/issue75203.go	compiled	codegen/issue75203.go:14: linux/amd64/v1: opcode not found: `^LEAQ type:\*int\(SB\)`
testdir:codegen/load_type_from_itab.go	interpreted	linux/amd64/v1
testdir:codegen/load_type_from_itab.go	compiled	codegen/load_type_from_itab.go:23: linux/amd64/v1: opcode not found: `^LEAQ type:.*Impl`
testdir:codegen/logic.go	interpreted	linux/amd64/v1
testdir:codegen/logic.go	compiled	codegen/logic.go:15: linux/amd64/v1: opcode not found: `^TESTQ (AX, AX|BX, BX|CX, CX|DX, DX|SI, SI|DI, DI|R8, R8|R9, R9|R10, R10|R11, R11|R12, R12|R13, R13|R15, R15)`
testdir:codegen/mapaccess.go	interpreted	linux/amd64/v1
testdir:codegen/mapaccess.go	compiled	codegen/mapaccess.go:267: linux/amd64/v1: opcode not found: `^.*mapaccess`
testdir:codegen/maps.go	interpreted	linux/amd64/v1
testdir:codegen/maps.go	compiled	codegen/maps.go:20: linux/amd64/v1: opcode not found: `^MOV[LQ] [$]5`
testdir:codegen/math.go	interpreted	linux/amd64/v1
testdir:codegen/math.go	compiled	codegen/math.go:20: linux/amd64/v1: opcode not found: `^ROUNDSD [$]2`
testdir:codegen/mathbits.go	interpreted	linux/amd64/v1
testdir:codegen/mathbits.go	compiled	codegen/mathbits.go:188: linux/amd64/v1: opcode not found: `^POPCNTQ`
testdir:codegen/memcombine.go	interpreted	linux/amd64/v1
testdir:codegen/memcombine.go	compiled	codegen/memcombine.go:25: linux/amd64/v1: opcode not found: `^MOVQ \(.*\),`
testdir:codegen/memops.go	interpreted	linux/amd64/v1
testdir:codegen/memops.go	compiled	codegen/memops.go:17: linux/amd64/v1: opcode not found: `^CMPB command-line-arguments.x\+1\(SB\), [$]0`
testdir:codegen/moveload.go	interpreted	linux/amd64/v1
testdir:codegen/moveload.go	compiled	codegen/moveload.go:31: linux/amd64/v1: opcode not found: `^MOVBLZX`
testdir:codegen/multiply.go	interpreted	linux/amd64/v1
testdir:codegen/multiply.go	compiled	codegen/multiply.go:16: linux/amd64/v1: opcode not found: `^XORL`
testdir:codegen/reflect_type.go	interpreted	linux/amd64/v1
testdir:codegen/reflect_type.go	compiled	codegen/reflect_type.go:14: linux/amd64/v1: opcode not found: `^MOVL [$]8,`
testdir:codegen/regabi_regalloc.go	interpreted	linux/amd64/v1
testdir:codegen/regabi_regalloc.go	compiled	codegen/regabi_regalloc.go:12: linux/amd64/v1: opcode not found: `^MOVQ BX, CX`
testdir:codegen/retpoline.go	interpreted	linux/amd64/v1
testdir:codegen/retpoline.go	compiled	codegen/retpoline.go:9: linux/amd64/v1: opcode not found: `^CALL runtime.retpoline`
testdir:codegen/rotate.go	interpreted	linux/amd64/v1
testdir:codegen/rotate.go	compiled	codegen/rotate.go:22: linux/amd64/v1: opcode not found: `^ROLQ [$]7`
testdir:codegen/schedule.go	interpreted	linux/amd64/v1
testdir:codegen/schedule.go	compiled	codegen/schedule.go:15: linux/amd64/v1: opcode not found: `^INCQ`
testdir:codegen/shift.go	interpreted	linux/amd64/v1
testdir:codegen/shift.go	compiled	codegen/shift.go:72: linux/amd64/v1: opcode not found: `^ADDL`
testdir:codegen/slices.go	interpreted	linux/amd64/v1
testdir:codegen/slices.go	compiled	codegen/slices.go:24: linux/amd64/v1: opcode not found: `^.*memclrNoHeapPointers`
testdir:codegen/smallintiface.go	interpreted	linux/amd64/v1
testdir:codegen/smallintiface.go	compiled	codegen/smallintiface.go:11: linux/amd64/v1: opcode not found: `^LEAQ runtime.staticuint64s\+8\(SB\)`
testdir:codegen/spectre.go	interpreted	linux/amd64/v1
testdir:codegen/spectre.go	compiled	codegen/spectre.go:13: linux/amd64/v1: opcode not found: `^CMOVQCC`
testdir:codegen/stack.go	interpreted	linux/amd64/v1
testdir:codegen/stack.go	compiled	codegen/stack.go:26: linux/amd64/v1: opcode not found: `^TEXT .*, [$]0-`
testdir:codegen/strings.go	interpreted	linux/amd64/v1
testdir:codegen/strings.go	compiled	codegen/strings.go:16: linux/amd64/v1: opcode not found: `^.*countrunes`
testdir:codegen/structs.go	interpreted	linux/amd64/v1
testdir:codegen/structs.go	compiled	codegen/structs.go:24: linux/amd64/v1: opcode not found: `^MOVUPS X[0-9]+, \(.*\)`
testdir:codegen/switch.go	interpreted	linux/amd64/v1
testdir:codegen/switch.go	compiled	codegen/switch.go:30: linux/amd64/v1: opcode not found: `^JMP \(.*\)\(.*\)$`
testdir:codegen/typeswitch.go	interpreted	linux/amd64/v1
testdir:codegen/typeswitch.go	compiled	codegen/typeswitch.go:40: linux/amd64/v1: opcode not found: `^.*assertE2I2`
testdir:codegen/unsafe.go	interpreted	linux/amd64/v1
testdir:codegen/unsafe.go	compiled	codegen/unsafe.go:15: linux/amd64/v1: opcode not found: `^MOVQ \(.*\)\(.*\*1\), `
testdir:codegen/writebarrier.go	interpreted	linux/amd64/v1
testdir:codegen/writebarrier.go	compiled	codegen/writebarrier.go:12: linux/amd64/v1: opcode not found: `^.*runtime[.]gcWriteBarrier4\(SB\)`
testdir:codegen/zerosize.go	interpreted	linux/amd64/v1
testdir:codegen/zerosize.go	compiled	codegen/zerosize.go:16: linux/amd64/v1: opcode not found: `^MOVQ \$0, command-line-arguments\.s\+56\(SP\)`
